pixel_count,absdiff_pixel_count,pixel_count_p,absdiff_pixel_count_p
0,0,0.0,0.0
0,0,0.0,0.0
0,0,0.0,0.0
0,0,0.0,0.0
0,0,0.0,0.0
0,0,0.0,0.0
0,0,0.0,0.0
0,0,0.0,0.0
0,0,0.0,0.0
0,0,0.0,0.0
0,0,0.0,0.0
0,0,0.0,0.0
0,0,0.0,0.0
0,0,0.0,0.0
0,0,0.0,0.0
0,0,0.0,0.0
0,0,0.0,0.0
0,0,0.0,0.0
0,0,0.0,0.0
0,0,0.0,0.0
0,0,0.0,0.0
0,0,0.0,0.0
0,0,0.0,0.0
0,0,0.0,0.0
0,0,0.0,0.0
0,0,0.0,0.0
0,0,0.0,0.0
0,0,0.0,0.0
0,0,0.0,0.0
0,0,0.0,0.0
0,0,0.0,0.0
0,0,0.0,0.0
0,0,0.0,0.0
0,0,0.0,0.0
0,0,0.0,0.0
0,0,0.0,0.0
0,0,0.0,0.0
0,0,0.0,0.0
0,0,0.0,0.0
0,0,0.0,0.0
0,0,0.0,0.0
0,0,0.0,0.0
0,0,0.0,0.0
0,0,0.0,0.0
0,0,0.0,0.0
0,0,0.0,0.0
0,0,0.0,0.0
0,0,0.0,0.0
0,0,0.0,0.0
0,0,0.0,0.0
0,0,0.0,0.0
0,0,0.0,0.0
0,0,0.0,0.0
0,0,0.0,0.0
0,0,0.0,0.0
0,0,0.0,0.0
0,0,0.0,0.0
0,0,0.0,0.0
0,0,0.0,0.0
0,0,0.0,0.0
0,0,0.0,0.0
0,0,0.0,0.0
0,0,0.0,0.0
0,0,0.0,0.0
0,0,0.0,0.0
0,0,0.0,0.0
0,0,0.0,0.0
0,0,0.0,0.0
0,0,0.0,0.0
0,0,0.0,0.0
0,0,0.0,0.0
0,0,0.0,0.0
0,0,0.0,0.0
0,0,0.0,0.0
0,0,0.0,0.0
0,0,0.0,0.0
0,0,0.0,0.0
0,0,0.0,0.0
0,0,0.0,0.0
0,0,0.0,0.0
0,0,0.0,0.0
0,0,0.0,0.0
0,0,0.0,0.0
0,0,0.0,0.0
0,0,0.0,0.0
0,0,0.0,0.0
0,0,0.0,0.0
0,0,0.0,0.0
0,0,0.0,0.0
0,0,0.0,0.0
0,0,0.0,0.0
0,0,0.0,0.0
0,0,0.0,0.0
0,0,0.0,0.0
0,0,0.0,0.0
0,0,0.0,0.0
0,0,0.0,0.0
0,0,0.0,0.0
0,0,0.0,0.0
0,0,0.0,0.0
0,0,0.0,0.0
0,0,0.0,0.0
0,0,0.0,0.0
0,0,0.0,0.0
0,0,0.0,0.0
0,0,0.0,0.0
0,0,0.0,0.0
0,0,0.0,0.0
0,0,0.0,0.0
0,0,0.0,0.0
0,0,0.0,0.0
0,0,0.0,0.0
0,0,0.0,0.0
0,0,0.0,0.0
0,0,0.0,0.0
0,0,0.0,0.0
0,0,0.0,0.0
0,0,0.0,0.0
0,0,0.0,0.0
0,0,0.0,0.0
0,0,0.0,0.0
0,0,0.0,0.0
0,0,0.0,0.0
0,0,0.0,0.0
0,0,0.0,0.0
0,0,0.0,0.0
0,0,0.0,0.0
0,0,0.0,0.0
0,0,0.0,0.0
0,0,0.0,0.0
0,0,0.0,0.0
0,0,0.0,0.0
0,0,0.0,0.0
0,0,0.0,0.0
0,0,0.0,0.0
0,0,0.0,0.0
0,0,0.0,0.0
0,0,0.0,0.0
0,0,0.0,0.0
0,0,0.0,0.0
0,0,0.0,0.0
0,0,0.0,0.0
0,0,0.0,0.0
0,0,0.0,0.0
0,0,0.0,0.0
0,0,0.0,0.0
0,0,0.0,0.0
0,0,0.0,0.0
0,0,0.0,0.0
0,0,0.0,0.0
0,0,0.0,0.0
0,0,0.0,0.0
0,0,0.0,0.0
0,0,0.0,0.0
0,0,0.0,0.0
0,0,0.0,0.0
0,0,0.0,0.0
0,0,0.0,0.0
0,0,0.0,0.0
0,0,0.0,0.0
0,0,0.0,0.0
0,0,0.0,0.0
0,0,0.0,0.0
0,0,0.0,0.0
0,0,0.0,0.0
0,0,0.0,0.0
0,0,0.0,0.0
0,0,0.0,0.0
0,0,0.0,0.0
0,0,0.0,0.0
0,0,0.0,0.0
0,0,0.0,0.0
0,0,0.0,0.0
0,0,0.0,0.0
0,0,0.0,0.0
0,0,0.0,0.0
0,0,0.0,0.0
0,0,0.0,0.0
0,0,0.0,0.0
0,0,0.0,0.0
0,0,0.0,0.0
0,0,0.0,0.0
0,0,0.0,0.0
0,0,0.0,0.0
0,0,0.0,0.0
0,0,0.0,0.0
0,0,0.0,0.0
0,0,0.0,0.0
0,0,0.0,0.0
0,0,0.0,0.0
0,0,0.0,0.0
0,0,0.0,0.0
0,0,0.0,0.0
0,0,0.0,0.0
0,0,0.0,0.0
0,0,0.0,0.0
0,0,0.0,0.0
0,0,0.0,0.0
0,0,0.0,0.0
0,0,0.0,0.0
0,0,0.0,0.0
0,0,0.0,0.0
0,0,0.0,0.0
0,0,0.0,0.0
0,0,0.0,0.0
0,0,0.0,0.0
0,0,0.0,0.0
0,0,0.0,0.0
0,0,0.0,0.0
0,0,0.0,0.0
0,0,0.0,0.0
0,0,0.0,0.0
0,0,0.0,0.0
0,0,0.0,0.0
0,0,0.0,0.0
0,0,0.0,0.0
0,0,0.0,0.0
0,0,0.0,0.0
0,0,0.0,0.0
0,0,0.0,0.0
0,0,0.0,0.0
0,0,0.0,0.0
0,0,0.0,0.0
0,0,0.0,0.0
0,0,0.0,0.0
0,0,0.0,0.0
0,0,0.0,0.0
0,0,0.0,0.0
0,0,0.0,0.0
0,0,0.0,0.0
0,0,0.0,0.0
0,0,0.0,0.0
0,0,0.0,0.0
0,0,0.0,0.0
0,0,0.0,0.0
0,0,0.0,0.0
0,0,0.0,0.0
0,0,0.0,0.0
0,0,0.0,0.0
0,0,0.0,0.0
0,0,0.0,0.0
0,0,0.0,0.0
0,0,0.0,0.0
0,0,0.0,0.0
0,0,0.0,0.0
0,0,0.0,0.0
0,0,0.0,0.0
0,0,0.0,0.0
0,0,0.0,0.0
0,0,0.0,0.0
0,0,0.0,0.0
0,0,0.0,0.0
0,0,0.0,0.0
0,0,0.0,0.0
0,0,0.0,0.0
0,0,0.0,0.0
0,0,0.0,0.0
0,0,0.0,0.0
0,0,0.0,0.0
0,0,0.0,0.0
0,0,0.0,0.0
0,0,0.0,0.0
0,0,0.0,0.0
0,0,0.0,0.0
0,0,0.0,0.0
0,0,0.0,0.0
0,0,0.0,0.0
0,0,0.0,0.0
0,0,0.0,0.0
0,0,0.0,0.0
0,0,0.0,0.0
0,0,0.0,0.0
0,0,0.0,0.0
0,0,0.0,0.0
0,0,0.0,0.0
0,0,0.0,0.0
0,0,0.0,0.0
0,0,0.0,0.0
0,0,0.0,0.0
0,0,0.0,0.0
0,0,0.0,0.0
0,0,0.0,0.0
0,0,0.0,0.0
0,0,0.0,0.0
0,0,0.0,0.0
0,0,0.0,0.0
0,0,0.0,0.0
0,0,0.0,0.0
0,0,0.0,0.0
0,0,0.0,0.0
0,0,0.0,0.0
0,0,0.0,0.0
0,0,0.0,0.0
0,0,0.0,0.0
0,0,0.0,0.0
0,0,0.0,0.0
0,0,0.0,0.0
0,0,0.0,0.0
0,0,0.0,0.0
0,0,0.0,0.0
0,0,0.0,0.0
0,0,0.0,0.0
0,0,0.0,0.0
0,0,0.0,0.0
0,0,0.0,0.0
0,0,0.0,0.0
0,0,0.0,0.0
0,0,0.0,0.0
0,0,0.0,0.0
0,0,0.0,0.0
0,0,0.0,0.0
0,0,0.0,0.0
0,0,0.0,0.0
0,0,0.0,0.0
0,0,0.0,0.0
0,0,0.0,0.0
0,0,0.0,0.0
0,0,0.0,0.0
0,0,0.0,0.0
0,0,0.0,0.0
0,0,0.0,0.0
0,0,0.0,0.0
0,0,0.0,0.0
0,0,0.0,0.0
0,0,0.0,0.0
0,0,0.0,0.0
0,0,0.0,0.0
0,0,0.0,0.0
0,0,0.0,0.0
0,0,0.0,0.0
0,0,0.0,0.0
0,0,0.0,0.0
0,0,0.0,0.0
0,0,0.0,0.0
0,0,0.0,0.0
0,0,0.0,0.0
0,0,0.0,0.0
0,0,0.0,0.0
0,0,0.0,0.0
0,0,0.0,0.0
0,0,0.0,0.0
0,0,0.0,0.0
0,0,0.0,0.0
0,0,0.0,0.0
0,0,0.0,0.0
0,0,0.0,0.0
0,0,0.0,0.0
0,0,0.0,0.0
0,0,0.0,0.0
0,0,0.0,0.0
0,0,0.0,0.0
0,0,0.0,0.0
0,0,0.0,0.0
0,0,0.0,0.0
0,0,0.0,0.0
0,0,0.0,0.0
0,0,0.0,0.0
0,0,0.0,0.0
0,0,0.0,0.0
0,0,0.0,0.0
0,0,0.0,0.0
0,0,0.0,0.0
0,0,0.0,0.0
0,0,0.0,0.0
0,0,0.0,0.0
0,0,0.0,0.0
0,0,0.0,0.0
0,0,0.0,0.0
0,0,0.0,0.0
0,0,0.0,0.0
0,0,0.0,0.0
0,0,0.0,0.0
0,0,0.0,0.0
0,0,0.0,0.0
0,0,0.0,0.0
0,0,0.0,0.0
0,0,0.0,0.0
0,0,0.0,0.0
0,0,0.0,0.0
0,0,0.0,0.0
0,0,0.0,0.0
0,0,0.0,0.0
0,0,0.0,0.0
0,0,0.0,0.0
0,0,0.0,0.0
0,0,0.0,0.0
0,0,0.0,0.0
0,0,0.0,0.0
0,0,0.0,0.0
0,0,0.0,0.0
0,0,0.0,0.0
0,0,0.0,0.0
0,0,0.0,0.0
0,0,0.0,0.0
0,0,0.0,0.0
0,0,0.0,0.0
0,0,0.0,0.0
0,0,0.0,0.0
0,0,0.0,0.0
0,0,0.0,0.0
0,0,0.0,0.0
0,0,0.0,0.0
0,0,0.0,0.0
0,0,0.0,0.0
0,0,0.0,0.0
0,0,0.0,0.0
0,0,0.0,0.0
0,0,0.0,0.0
0,0,0.0,0.0
0,0,0.0,0.0
0,0,0.0,0.0
0,0,0.0,0.0
0,0,0.0,0.0
0,0,0.0,0.0
0,0,0.0,0.0
0,0,0.0,0.0
0,0,0.0,0.0
0,0,0.0,0.0
0,0,0.0,0.0
0,0,0.0,0.0
0,0,0.0,0.0
0,0,0.0,0.0
0,0,0.0,0.0
0,0,0.0,0.0
0,0,0.0,0.0
0,0,0.0,0.0
0,0,0.0,0.0
0,0,0.0,0.0
0,0,0.0,0.0
0,0,0.0,0.0
0,0,0.0,0.0
0,0,0.0,0.0
0,0,0.0,0.0
0,0,0.0,0.0
0,0,0.0,0.0
0,0,0.0,0.0
0,0,0.0,0.0
0,0,0.0,0.0
0,0,0.0,0.0
0,0,0.0,0.0
0,0,0.0,0.0
0,0,0.0,0.0
0,0,0.0,0.0
0,0,0.0,0.0
0,0,0.0,0.0
0,0,0.0,0.0
0,0,0.0,0.0
0,0,0.0,0.0
0,0,0.0,0.0
0,0,0.0,0.0
0,0,0.0,0.0
0,0,0.0,0.0
0,0,0.0,0.0
0,0,0.0,0.0
0,0,0.0,0.0
0,0,0.0,0.0
0,0,0.0,0.0
0,0,0.0,0.0
0,0,0.0,0.0
0,0,0.0,0.0
0,0,0.0,0.0
0,0,0.0,0.0
0,0,0.0,0.0
0,0,0.0,0.0
0,0,0.0,0.0
0,0,0.0,0.0
0,0,0.0,0.0
0,0,0.0,0.0
0,0,0.0,0.0
0,0,0.0,0.0
0,0,0.0,0.0
0,0,0.0,0.0
0,0,0.0,0.0
0,0,0.0,0.0
0,0,0.0,0.0
0,0,0.0,0.0
0,0,0.0,0.0
0,0,0.0,0.0
0,0,0.0,0.0
0,0,0.0,0.0
0,0,0.0,0.0
0,0,0.0,0.0
0,0,0.0,0.0
0,0,0.0,0.0
0,0,0.0,0.0
0,0,0.0,0.0
0,0,0.0,0.0
0,0,0.0,0.0
0,0,0.0,0.0
0,0,0.0,0.0
0,0,0.0,0.0
0,0,0.0,0.0
0,0,0.0,0.0
0,0,0.0,0.0
0,0,0.0,0.0
0,0,0.0,0.0
0,0,0.0,0.0
0,0,0.0,0.0
0,0,0.0,0.0
0,0,0.0,0.0
0,0,0.0,0.0
0,0,0.0,0.0
0,0,0.0,0.0
0,0,0.0,0.0
0,0,0.0,0.0
0,0,0.0,0.0
0,0,0.0,0.0
0,0,0.0,0.0
0,0,0.0,0.0
0,0,0.0,0.0
0,0,0.0,0.0
0,0,0.0,0.0
0,0,0.0,0.0
0,0,0.0,0.0
0,0,0.0,0.0
0,0,0.0,0.0
0,0,0.0,0.0
0,0,0.0,0.0
0,0,0.0,0.0
0,0,0.0,0.0
0,0,0.0,0.0
0,0,0.0,0.0
0,0,0.0,0.0
0,0,0.0,0.0
0,0,0.0,0.0
0,0,0.0,0.0
0,0,0.0,0.0
0,0,0.0,0.0
0,0,0.0,0.0
0,0,0.0,0.0
0,0,0.0,0.0
0,0,0.0,0.0
0,0,0.0,0.0
0,0,0.0,0.0
0,0,0.0,0.0
0,0,0.0,0.0
0,0,0.0,0.0
0,0,0.0,0.0
0,0,0.0,0.0
0,0,0.0,0.0
0,0,0.0,0.0
0,0,0.0,0.0
0,0,0.0,0.0
0,0,0.0,0.0
0,0,0.0,0.0
0,0,0.0,0.0
0,0,0.0,0.0
0,0,0.0,0.0
0,0,0.0,0.0
0,0,0.0,0.0
0,0,0.0,0.0
0,0,0.0,0.0
0,0,0.0,0.0
0,0,0.0,0.0
0,0,0.0,0.0
0,0,0.0,0.0
0,0,0.0,0.0
0,0,0.0,0.0
0,0,0.0,0.0
0,0,0.0,0.0
0,0,0.0,0.0
0,0,0.0,0.0
0,0,0.0,0.0
0,0,0.0,0.0
0,0,0.0,0.0
0,0,0.0,0.0
0,0,0.0,0.0
0,0,0.0,0.0
0,0,0.0,0.0
0,0,0.0,0.0
0,0,0.0,0.0
0,0,0.0,0.0
0,0,0.0,0.0
0,0,0.0,0.0
0,0,0.0,0.0
0,0,0.0,0.0
0,0,0.0,0.0
0,0,0.0,0.0
0,0,0.0,0.0
0,0,0.0,0.0
0,0,0.0,0.0
0,0,0.0,0.0
0,0,0.0,0.0
0,0,0.0,0.0
0,0,0.0,0.0
0,0,0.0,0.0
0,0,0.0,0.0
0,0,0.0,0.0
0,0,0.0,0.0
0,0,0.0,0.0
0,0,0.0,0.0
0,0,0.0,0.0
0,0,0.0,0.0
0,0,0.0,0.0
0,0,0.0,0.0
0,0,0.0,0.0
0,0,0.0,0.0
0,0,0.0,0.0
0,0,0.0,0.0
0,0,0.0,0.0
0,0,0.0,0.0
0,0,0.0,0.0
0,0,0.0,0.0
0,0,0.0,0.0
0,0,0.0,0.0
0,0,0.0,0.0
0,0,0.0,0.0
0,0,0.0,0.0
0,0,0.0,0.0
0,0,0.0,0.0
0,0,0.0,0.0
0,0,0.0,0.0
0,0,0.0,0.0
0,0,0.0,0.0
0,0,0.0,0.0
0,0,0.0,0.0
0,0,0.0,0.0
0,0,0.0,0.0
0,0,0.0,0.0
0,0,0.0,0.0
0,0,0.0,0.0
0,0,0.0,0.0
0,0,0.0,0.0
0,0,0.0,0.0
0,0,0.0,0.0
0,0,0.0,0.0
0,0,0.0,0.0
0,0,0.0,0.0
0,0,0.0,0.0
0,0,0.0,0.0
0,0,0.0,0.0
0,0,0.0,0.0
0,0,0.0,0.0
0,0,0.0,0.0
0,0,0.0,0.0
0,0,0.0,0.0
0,0,0.0,0.0
0,0,0.0,0.0
0,0,0.0,0.0
0,0,0.0,0.0
0,0,0.0,0.0
0,0,0.0,0.0
0,0,0.0,0.0
0,0,0.0,0.0
0,0,0.0,0.0
0,0,0.0,0.0
0,0,0.0,0.0
0,0,0.0,0.0
0,0,0.0,0.0
0,0,0.0,0.0
0,0,0.0,0.0
0,0,0.0,0.0
0,0,0.0,0.0
0,0,0.0,0.0
0,0,0.0,0.0
0,0,0.0,0.0
0,0,0.0,0.0
0,0,0.0,0.0
0,0,0.0,0.0
0,0,0.0,0.0
0,0,0.0,0.0
0,0,0.0,0.0
0,0,0.0,0.0
0,0,0.0,0.0
0,0,0.0,0.0
0,0,0.0,0.0
0,0,0.0,0.0
0,0,0.0,0.0
0,0,0.0,0.0
0,0,0.0,0.0
0,0,0.0,0.0
0,0,0.0,0.0
0,0,0.0,0.0
0,0,0.0,0.0
0,0,0.0,0.0
0,0,0.0,0.0
0,0,0.0,0.0
0,0,0.0,0.0
0,0,0.0,0.0
0,0,0.0,0.0
0,0,0.0,0.0
0,0,0.0,0.0
0,0,0.0,0.0
0,0,0.0,0.0
0,0,0.0,0.0
0,0,0.0,0.0
0,0,0.0,0.0
0,0,0.0,0.0
0,0,0.0,0.0
0,0,0.0,0.0
0,0,0.0,0.0
0,0,0.0,0.0
0,0,0.0,0.0
0,0,0.0,0.0
0,0,0.0,0.0
0,0,0.0,0.0
0,0,0.0,0.0
0,0,0.0,0.0
0,0,0.0,0.0
0,0,0.0,0.0
0,0,0.0,0.0
0,0,0.0,0.0
0,0,0.0,0.0
0,0,0.0,0.0
0,0,0.0,0.0
0,0,0.0,0.0
0,0,0.0,0.0
0,0,0.0,0.0
0,0,0.0,0.0
0,0,0.0,0.0
0,0,0.0,0.0
0,0,0.0,0.0
0,0,0.0,0.0
0,0,0.0,0.0
0,0,0.0,0.0
0,0,0.0,0.0
0,0,0.0,0.0
0,0,0.0,0.0
0,0,0.0,0.0
0,0,0.0,0.0
0,0,0.0,0.0
0,0,0.0,0.0
0,0,0.0,0.0
0,0,0.0,0.0
0,0,0.0,0.0
0,0,0.0,0.0
0,0,0.0,0.0
0,0,0.0,0.0
0,0,0.0,0.0
0,0,0.0,0.0
0,0,0.0,0.0
0,0,0.0,0.0
0,0,0.0,0.0
0,0,0.0,0.0
0,0,0.0,0.0
0,0,0.0,0.0
0,0,0.0,0.0
0,0,0.0,0.0
0,0,0.0,0.0
0,0,0.0,0.0
0,0,0.0,0.0
0,0,0.0,0.0
0,0,0.0,0.0
0,0,0.0,0.0
0,0,0.0,0.0
0,0,0.0,0.0
0,0,0.0,0.0
0,0,0.0,0.0
0,0,0.0,0.0
0,0,0.0,0.0
0,0,0.0,0.0
0,0,0.0,0.0
0,0,0.0,0.0
0,0,0.0,0.0
0,0,0.0,0.0
0,0,0.0,0.0
0,0,0.0,0.0
0,0,0.0,0.0
0,0,0.0,0.0
0,0,0.0,0.0
0,0,0.0,0.0
0,0,0.0,0.0
0,0,0.0,0.0
0,0,0.0,0.0
0,0,0.0,0.0
0,0,0.0,0.0
0,0,0.0,0.0
0,0,0.0,0.0
0,0,0.0,0.0
0,0,0.0,0.0
0,0,0.0,0.0
0,0,0.0,0.0
0,0,0.0,0.0
0,0,0.0,0.0
0,0,0.0,0.0
0,0,0.0,0.0
0,0,0.0,0.0
0,0,0.0,0.0
0,0,0.0,0.0
0,0,0.0,0.0
0,0,0.0,0.0
0,0,0.0,0.0
0,0,0.0,0.0
0,0,0.0,0.0
0,0,0.0,0.0
0,0,0.0,0.0
0,0,0.0,0.0
0,0,0.0,0.0
0,0,0.0,0.0
0,0,0.0,0.0
0,0,0.0,0.0
0,0,0.0,0.0
0,0,0.0,0.0
0,0,0.0,0.0
0,0,0.0,0.0
0,0,0.0,0.0
0,0,0.0,0.0
0,0,0.0,0.0
0,0,0.0,0.0
0,0,0.0,0.0
0,0,0.0,0.0
0,0,0.0,0.0
0,0,0.0,0.0
0,0,0.0,0.0
0,0,0.0,0.0
0,0,0.0,0.0
0,0,0.0,0.0
0,0,0.0,0.0
0,0,0.0,0.0
0,0,0.0,0.0
0,0,0.0,0.0
0,0,0.0,0.0
0,0,0.0,0.0
0,0,0.0,0.0
0,0,0.0,0.0
0,0,0.0,0.0
0,0,0.0,0.0
0,0,0.0,0.0
0,0,0.0,0.0
0,0,0.0,0.0
0,0,0.0,0.0
0,0,0.0,0.0
0,0,0.0,0.0
0,0,0.0,0.0
0,0,0.0,0.0
0,0,0.0,0.0
0,0,0.0,0.0
0,0,0.0,0.0
0,0,0.0,0.0
0,0,0.0,0.0
0,0,0.0,0.0
0,0,0.0,0.0
0,0,0.0,0.0
0,0,0.0,0.0
0,0,0.0,0.0
0,0,0.0,0.0
0,0,0.0,0.0
0,0,0.0,0.0
0,0,0.0,0.0
0,0,0.0,0.0
0,0,0.0,0.0
0,0,0.0,0.0
0,0,0.0,0.0
0,0,0.0,0.0
0,0,0.0,0.0
0,0,0.0,0.0
0,0,0.0,0.0
0,0,0.0,0.0
0,0,0.0,0.0
0,0,0.0,0.0
0,0,0.0,0.0
0,0,0.0,0.0
0,0,0.0,0.0
0,0,0.0,0.0
0,0,0.0,0.0
0,0,0.0,0.0
0,0,0.0,0.0
0,0,0.0,0.0
0,0,0.0,0.0
0,0,0.0,0.0
0,0,0.0,0.0
0,0,0.0,0.0
0,0,0.0,0.0
0,0,0.0,0.0
0,0,0.0,0.0
0,0,0.0,0.0
0,0,0.0,0.0
0,0,0.0,0.0
0,0,0.0,0.0
0,0,0.0,0.0
0,0,0.0,0.0
0,0,0.0,0.0
0,0,0.0,0.0
0,0,0.0,0.0
0,0,0.0,0.0
0,0,0.0,0.0
0,0,0.0,0.0
0,0,0.0,0.0
0,0,0.0,0.0
0,0,0.0,0.0
0,0,0.0,0.0
0,0,0.0,0.0
0,0,0.0,0.0
0,0,0.0,0.0
0,0,0.0,0.0
0,0,0.0,0.0
0,0,0.0,0.0
0,0,0.0,0.0
0,0,0.0,0.0
0,0,0.0,0.0
0,0,0.0,0.0
0,0,0.0,0.0
0,0,0.0,0.0
0,0,0.0,0.0
0,0,0.0,0.0
0,0,0.0,0.0
0,0,0.0,0.0
0,0,0.0,0.0
0,0,0.0,0.0
0,0,0.0,0.0
0,0,0.0,0.0
0,0,0.0,0.0
0,0,0.0,0.0
0,0,0.0,0.0
0,0,0.0,0.0
0,0,0.0,0.0
0,0,0.0,0.0
0,0,0.0,0.0
0,0,0.0,0.0
0,0,0.0,0.0
0,0,0.0,0.0
0,0,0.0,0.0
0,0,0.0,0.0
0,0,0.0,0.0
0,0,0.0,0.0
0,0,0.0,0.0
0,0,0.0,0.0
0,0,0.0,0.0
0,0,0.0,0.0
0,0,0.0,0.0
0,0,0.0,0.0
0,0,0.0,0.0
0,0,0.0,0.0
0,0,0.0,0.0
0,0,0.0,0.0
0,0,0.0,0.0
0,0,0.0,0.0
0,0,0.0,0.0
0,0,0.0,0.0
0,0,0.0,0.0
0,0,0.0,0.0
0,0,0.0,0.0
0,0,0.0,0.0
0,0,0.0,0.0
0,0,0.0,0.0
0,0,0.0,0.0
0,0,0.0,0.0
0,0,0.0,0.0
0,0,0.0,0.0
0,0,0.0,0.0
0,0,0.0,0.0
0,0,0.0,0.0
0,0,0.0,0.0
0,0,0.0,0.0
0,0,0.0,0.0
0,0,0.0,0.0
0,0,0.0,0.0
0,0,0.0,0.0
0,0,0.0,0.0
0,0,0.0,0.0
0,0,0.0,0.0
0,0,0.0,0.0
0,0,0.0,0.0
0,0,0.0,0.0
0,0,0.0,0.0
0,0,0.0,0.0
0,0,0.0,0.0
0,0,0.0,0.0
0,0,0.0,0.0
0,0,0.0,0.0
0,0,0.0,0.0
0,0,0.0,0.0
0,0,0.0,0.0
0,0,0.0,0.0
0,0,0.0,0.0
0,0,0.0,0.0
0,0,0.0,0.0
0,0,0.0,0.0
0,0,0.0,0.0
0,0,0.0,0.0
0,0,0.0,0.0
0,0,0.0,0.0
0,0,0.0,0.0
0,0,0.0,0.0
0,0,0.0,0.0
0,0,0.0,0.0
0,0,0.0,0.0
0,0,0.0,0.0
0,0,0.0,0.0
0,0,0.0,0.0
0,0,0.0,0.0
0,0,0.0,0.0
0,0,0.0,0.0
0,0,0.0,0.0
0,0,0.0,0.0
0,0,0.0,0.0
0,0,0.0,0.0
0,0,0.0,0.0
0,0,0.0,0.0
0,0,0.0,0.0
0,0,0.0,0.0
0,0,0.0,0.0
0,0,0.0,0.0
0,0,0.0,0.0
0,0,0.0,0.0
0,0,0.0,0.0
0,0,0.0,0.0
0,0,0.0,0.0
0,0,0.0,0.0
0,0,0.0,0.0
0,0,0.0,0.0
0,0,0.0,0.0
0,0,0.0,0.0
0,0,0.0,0.0
0,0,0.0,0.0
0,0,0.0,0.0
0,0,0.0,0.0
0,0,0.0,0.0
0,0,0.0,0.0
0,0,0.0,0.0
0,0,0.0,0.0
0,0,0.0,0.0
0,0,0.0,0.0
0,0,0.0,0.0
0,0,0.0,0.0
0,0,0.0,0.0
0,0,0.0,0.0
0,0,0.0,0.0
0,0,0.0,0.0
0,0,0.0,0.0
0,0,0.0,0.0
0,0,0.0,0.0
0,0,0.0,0.0
0,0,0.0,0.0
0,0,0.0,0.0
0,0,0.0,0.0
0,0,0.0,0.0
0,0,0.0,0.0
0,0,0.0,0.0
0,0,0.0,0.0
0,0,0.0,0.0
0,0,0.0,0.0
0,0,0.0,0.0
0,0,0.0,0.0
0,0,0.0,0.0
0,0,0.0,0.0
0,0,0.0,0.0
0,0,0.0,0.0
0,0,0.0,0.0
0,0,0.0,0.0
0,0,0.0,0.0
0,0,0.0,0.0
0,0,0.0,0.0
0,0,0.0,0.0
0,0,0.0,0.0
0,0,0.0,0.0
0,0,0.0,0.0
0,0,0.0,0.0
0,0,0.0,0.0
0,0,0.0,0.0
0,0,0.0,0.0
0,0,0.0,0.0
0,0,0.0,0.0
0,0,0.0,0.0
0,0,0.0,0.0
0,0,0.0,0.0
0,0,0.0,0.0
0,0,0.0,0.0
0,0,0.0,0.0
0,0,0.0,0.0
0,0,0.0,0.0
0,0,0.0,0.0
0,0,0.0,0.0
0,0,0.0,0.0
0,0,0.0,0.0
0,0,0.0,0.0
0,0,0.0,0.0
0,0,0.0,0.0
0,0,0.0,0.0
0,0,0.0,0.0
0,0,0.0,0.0
0,0,0.0,0.0
0,0,0.0,0.0
0,0,0.0,0.0
0,0,0.0,0.0
0,0,0.0,0.0
0,0,0.0,0.0
0,0,0.0,0.0
0,0,0.0,0.0
0,0,0.0,0.0
0,0,0.0,0.0
0,0,0.0,0.0
0,0,0.0,0.0
0,0,0.0,0.0
0,0,0.0,0.0
0,0,0.0,0.0
0,0,0.0,0.0
0,0,0.0,0.0
0,0,0.0,0.0
0,0,0.0,0.0
0,0,0.0,0.0
0,0,0.0,0.0
0,0,0.0,0.0
0,0,0.0,0.0
0,0,0.0,0.0
0,0,0.0,0.0
0,0,0.0,0.0
0,0,0.0,0.0
0,0,0.0,0.0
0,0,0.0,0.0
0,0,0.0,0.0
0,0,0.0,0.0
0,0,0.0,0.0
0,0,0.0,0.0
0,0,0.0,0.0
0,0,0.0,0.0
0,0,0.0,0.0
0,0,0.0,0.0
0,0,0.0,0.0
0,0,0.0,0.0
0,0,0.0,0.0
0,0,0.0,0.0
0,0,0.0,0.0
0,0,0.0,0.0
0,0,0.0,0.0
0,0,0.0,0.0
0,0,0.0,0.0
0,0,0.0,0.0
0,0,0.0,0.0
0,0,0.0,0.0
0,0,0.0,0.0
0,0,0.0,0.0
0,0,0.0,0.0
0,0,0.0,0.0
0,0,0.0,0.0
0,0,0.0,0.0
0,0,0.0,0.0
0,0,0.0,0.0
0,0,0.0,0.0
0,0,0.0,0.0
0,0,0.0,0.0
0,0,0.0,0.0
0,0,0.0,0.0
0,0,0.0,0.0
0,0,0.0,0.0
0,0,0.0,0.0
0,0,0.0,0.0
0,0,0.0,0.0
0,0,0.0,0.0
0,0,0.0,0.0
0,0,0.0,0.0
0,0,0.0,0.0
0,0,0.0,0.0
0,0,0.0,0.0
0,0,0.0,0.0
0,0,0.0,0.0
0,0,0.0,0.0
0,0,0.0,0.0
0,0,0.0,0.0
0,0,0.0,0.0
0,0,0.0,0.0
0,0,0.0,0.0
0,0,0.0,0.0
0,0,0.0,0.0
0,0,0.0,0.0
0,0,0.0,0.0
0,0,0.0,0.0
0,0,0.0,0.0
0,0,0.0,0.0
0,0,0.0,0.0
0,0,0.0,0.0
0,0,0.0,0.0
0,0,0.0,0.0
0,0,0.0,0.0
0,0,0.0,0.0
0,0,0.0,0.0
0,0,0.0,0.0
0,0,0.0,0.0
0,0,0.0,0.0
0,0,0.0,0.0
0,0,0.0,0.0
0,0,0.0,0.0
0,0,0.0,0.0
0,0,0.0,0.0
0,0,0.0,0.0
0,0,0.0,0.0
0,0,0.0,0.0
0,0,0.0,0.0
0,0,0.0,0.0
0,0,0.0,0.0
0,0,0.0,0.0
0,0,0.0,0.0
0,0,0.0,0.0
0,0,0.0,0.0
0,0,0.0,0.0
0,0,0.0,0.0
0,0,0.0,0.0
0,0,0.0,0.0
0,0,0.0,0.0
0,0,0.0,0.0
0,0,0.0,0.0
0,0,0.0,0.0
0,0,0.0,0.0
0,0,0.0,0.0
0,0,0.0,0.0
0,0,0.0,0.0
0,0,0.0,0.0
0,0,0.0,0.0
0,0,0.0,0.0
0,0,0.0,0.0
0,0,0.0,0.0
0,0,0.0,0.0
0,0,0.0,0.0
0,0,0.0,0.0
0,0,0.0,0.0
0,0,0.0,0.0
0,0,0.0,0.0
0,0,0.0,0.0
0,0,0.0,0.0
0,0,0.0,0.0
0,0,0.0,0.0
0,0,0.0,0.0
0,0,0.0,0.0
0,0,0.0,0.0
0,0,0.0,0.0
0,0,0.0,0.0
0,0,0.0,0.0
0,0,0.0,0.0
0,0,0.0,0.0
0,0,0.0,0.0
0,0,0.0,0.0
0,0,0.0,0.0
0,0,0.0,0.0
0,0,0.0,0.0
0,0,0.0,0.0
0,0,0.0,0.0
0,0,0.0,0.0
0,0,0.0,0.0
0,0,0.0,0.0
0,0,0.0,0.0
0,0,0.0,0.0
0,0,0.0,0.0
0,0,0.0,0.0
0,0,0.0,0.0
0,0,0.0,0.0
0,0,0.0,0.0
0,0,0.0,0.0
0,0,0.0,0.0
0,0,0.0,0.0
0,0,0.0,0.0
0,0,0.0,0.0
0,0,0.0,0.0
0,0,0.0,0.0
0,0,0.0,0.0
0,0,0.0,0.0
0,0,0.0,0.0
0,0,0.0,0.0
0,0,0.0,0.0
0,0,0.0,0.0
0,0,0.0,0.0
0,0,0.0,0.0
0,0,0.0,0.0
0,0,0.0,0.0
0,0,0.0,0.0
0,0,0.0,0.0
0,0,0.0,0.0
0,0,0.0,0.0
0,0,0.0,0.0
0,0,0.0,0.0
0,0,0.0,0.0
0,0,0.0,0.0
0,0,0.0,0.0
0,0,0.0,0.0
0,0,0.0,0.0
0,0,0.0,0.0
0,0,0.0,0.0
0,0,0.0,0.0
0,0,0.0,0.0
0,0,0.0,0.0
0,0,0.0,0.0
0,0,0.0,0.0
0,0,0.0,0.0
0,0,0.0,0.0
0,0,0.0,0.0
0,0,0.0,0.0
0,0,0.0,0.0
0,0,0.0,0.0
0,0,0.0,0.0
0,0,0.0,0.0
0,0,0.0,0.0
0,0,0.0,0.0
0,0,0.0,0.0
0,0,0.0,0.0
0,0,0.0,0.0
0,0,0.0,0.0
0,0,0.0,0.0
0,0,0.0,0.0
0,0,0.0,0.0
0,0,0.0,0.0
0,0,0.0,0.0
0,0,0.0,0.0
0,0,0.0,0.0
0,0,0.0,0.0
0,0,0.0,0.0
0,0,0.0,0.0
0,0,0.0,0.0
0,0,0.0,0.0
0,0,0.0,0.0
0,0,0.0,0.0
0,0,0.0,0.0
0,0,0.0,0.0
0,0,0.0,0.0
0,0,0.0,0.0
0,0,0.0,0.0
0,0,0.0,0.0
0,0,0.0,0.0
0,0,0.0,0.0
0,0,0.0,0.0
0,0,0.0,0.0
0,0,0.0,0.0
0,0,0.0,0.0
0,0,0.0,0.0
0,0,0.0,0.0
0,0,0.0,0.0
0,0,0.0,0.0
0,0,0.0,0.0
0,0,0.0,0.0
0,0,0.0,0.0
0,0,0.0,0.0
0,0,0.0,0.0
0,0,0.0,0.0
0,0,0.0,0.0
0,0,0.0,0.0
0,0,0.0,0.0
0,0,0.0,0.0
0,0,0.0,0.0
0,0,0.0,0.0
0,0,0.0,0.0
0,0,0.0,0.0
0,0,0.0,0.0
0,0,0.0,0.0
0,0,0.0,0.0
0,0,0.0,0.0
0,0,0.0,0.0
0,0,0.0,0.0
0,0,0.0,0.0
0,0,0.0,0.0
0,0,0.0,0.0
0,0,0.0,0.0
0,0,0.0,0.0
0,0,0.0,0.0
0,0,0.0,0.0
0,0,0.0,0.0
0,0,0.0,0.0
0,0,0.0,0.0
0,0,0.0,0.0
0,0,0.0,0.0
0,0,0.0,0.0
0,0,0.0,0.0
0,0,0.0,0.0
0,0,0.0,0.0
0,0,0.0,0.0
0,0,0.0,0.0
0,0,0.0,0.0
0,0,0.0,0.0
0,0,0.0,0.0
0,0,0.0,0.0
0,0,0.0,0.0
0,0,0.0,0.0
0,0,0.0,0.0
0,0,0.0,0.0
0,0,0.0,0.0
0,0,0.0,0.0
0,0,0.0,0.0
0,0,0.0,0.0
0,0,0.0,0.0
0,0,0.0,0.0
0,0,0.0,0.0
0,0,0.0,0.0
0,0,0.0,0.0
0,0,0.0,0.0
0,0,0.0,0.0
0,0,0.0,0.0
0,0,0.0,0.0
0,0,0.0,0.0
0,0,0.0,0.0
0,0,0.0,0.0
0,0,0.0,0.0
0,0,0.0,0.0
0,0,0.0,0.0
0,0,0.0,0.0
0,0,0.0,0.0
0,0,0.0,0.0
0,0,0.0,0.0
0,0,0.0,0.0
0,0,0.0,0.0
0,0,0.0,0.0
0,0,0.0,0.0
0,0,0.0,0.0
0,0,0.0,0.0
0,0,0.0,0.0
0,0,0.0,0.0
0,0,0.0,0.0
0,0,0.0,0.0
0,0,0.0,0.0
0,0,0.0,0.0
0,0,0.0,0.0
0,0,0.0,0.0
0,0,0.0,0.0
0,0,0.0,0.0
0,0,0.0,0.0
0,0,0.0,0.0
0,0,0.0,0.0
0,0,0.0,0.0
0,0,0.0,0.0
0,0,0.0,0.0
0,0,0.0,0.0
0,0,0.0,0.0
0,0,0.0,0.0
0,0,0.0,0.0
0,0,0.0,0.0
0,0,0.0,0.0
0,0,0.0,0.0
0,0,0.0,0.0
0,0,0.0,0.0
0,0,0.0,0.0
0,0,0.0,0.0
0,0,0.0,0.0
0,0,0.0,0.0
0,0,0.0,0.0
0,0,0.0,0.0
0,0,0.0,0.0
0,0,0.0,0.0
0,0,0.0,0.0
0,0,0.0,0.0
0,0,0.0,0.0
0,0,0.0,0.0
0,0,0.0,0.0
0,0,0.0,0.0
0,0,0.0,0.0
0,0,0.0,0.0
0,0,0.0,0.0
0,0,0.0,0.0
0,0,0.0,0.0
0,0,0.0,0.0
0,0,0.0,0.0
0,0,0.0,0.0
0,0,0.0,0.0
0,0,0.0,0.0
0,0,0.0,0.0
0,0,0.0,0.0
0,0,0.0,0.0
0,0,0.0,0.0
0,0,0.0,0.0
0,0,0.0,0.0
0,0,0.0,0.0
0,0,0.0,0.0
0,0,0.0,0.0
0,0,0.0,0.0
0,0,0.0,0.0
0,0,0.0,0.0
0,0,0.0,0.0
0,0,0.0,0.0
0,0,0.0,0.0
0,0,0.0,0.0
0,0,0.0,0.0
0,0,0.0,0.0
0,0,0.0,0.0
0,0,0.0,0.0
0,0,0.0,0.0
0,0,0.0,0.0
0,0,0.0,0.0
0,0,0.0,0.0
0,0,0.0,0.0
0,0,0.0,0.0
0,0,0.0,0.0
0,0,0.0,0.0
0,0,0.0,0.0
0,0,0.0,0.0
0,0,0.0,0.0
0,0,0.0,0.0
0,0,0.0,0.0
0,0,0.0,0.0
0,0,0.0,0.0
0,0,0.0,0.0
0,0,0.0,0.0
0,0,0.0,0.0
0,0,0.0,0.0
0,0,0.0,0.0
0,0,0.0,0.0
0,0,0.0,0.0
0,0,0.0,0.0
0,0,0.0,0.0
0,0,0.0,0.0
0,0,0.0,0.0
0,0,0.0,0.0
0,0,0.0,0.0
0,0,0.0,0.0
0,0,0.0,0.0
0,0,0.0,0.0
0,0,0.0,0.0
0,0,0.0,0.0
0,0,0.0,0.0
0,0,0.0,0.0
0,0,0.0,0.0
0,0,0.0,0.0
0,0,0.0,0.0
0,0,0.0,0.0
0,0,0.0,0.0
0,0,0.0,0.0
0,0,0.0,0.0
0,0,0.0,0.0
0,0,0.0,0.0
0,0,0.0,0.0
0,0,0.0,0.0
0,0,0.0,0.0
0,0,0.0,0.0
0,0,0.0,0.0
0,0,0.0,0.0
0,0,0.0,0.0
0,0,0.0,0.0
0,0,0.0,0.0
0,0,0.0,0.0
0,0,0.0,0.0
0,0,0.0,0.0
0,0,0.0,0.0
0,0,0.0,0.0
0,0,0.0,0.0
0,0,0.0,0.0
0,0,0.0,0.0
0,0,0.0,0.0
0,0,0.0,0.0
0,0,0.0,0.0
0,0,0.0,0.0
0,0,0.0,0.0
0,0,0.0,0.0
0,0,0.0,0.0
0,0,0.0,0.0
0,0,0.0,0.0
0,0,0.0,0.0
0,0,0.0,0.0
0,0,0.0,0.0
0,0,0.0,0.0
0,0,0.0,0.0
0,0,0.0,0.0
0,0,0.0,0.0
0,0,0.0,0.0
0,0,0.0,0.0
0,0,0.0,0.0
0,0,0.0,0.0
0,0,0.0,0.0
0,0,0.0,0.0
0,0,0.0,0.0
0,0,0.0,0.0
0,0,0.0,0.0
0,0,0.0,0.0
0,0,0.0,0.0
0,0,0.0,0.0
0,0,0.0,0.0
0,0,0.0,0.0
0,0,0.0,0.0
0,0,0.0,0.0
0,0,0.0,0.0
0,0,0.0,0.0
0,0,0.0,0.0
0,0,0.0,0.0
0,0,0.0,0.0
0,0,0.0,0.0
0,0,0.0,0.0
0,0,0.0,0.0
0,0,0.0,0.0
0,0,0.0,0.0
0,0,0.0,0.0
0,0,0.0,0.0
0,0,0.0,0.0
0,0,0.0,0.0
0,0,0.0,0.0
0,0,0.0,0.0
0,0,0.0,0.0
0,0,0.0,0.0
0,0,0.0,0.0
0,0,0.0,0.0
0,0,0.0,0.0
0,0,0.0,0.0
0,0,0.0,0.0
0,0,0.0,0.0
0,0,0.0,0.0
0,0,0.0,0.0
0,0,0.0,0.0
0,0,0.0,0.0
0,0,0.0,0.0
0,0,0.0,0.0
0,0,0.0,0.0
0,0,0.0,0.0
0,0,0.0,0.0
0,0,0.0,0.0
0,0,0.0,0.0
0,0,0.0,0.0
0,0,0.0,0.0
0,0,0.0,0.0
0,0,0.0,0.0
0,0,0.0,0.0
0,0,0.0,0.0
0,0,0.0,0.0
0,0,0.0,0.0
0,0,0.0,0.0
0,0,0.0,0.0
0,0,0.0,0.0
0,0,0.0,0.0
0,0,0.0,0.0
0,0,0.0,0.0
0,0,0.0,0.0
0,0,0.0,0.0
0,0,0.0,0.0
0,0,0.0,0.0
0,0,0.0,0.0
0,0,0.0,0.0
0,0,0.0,0.0
0,0,0.0,0.0
0,0,0.0,0.0
0,0,0.0,0.0
0,0,0.0,0.0
0,0,0.0,0.0
0,0,0.0,0.0
0,0,0.0,0.0
0,0,0.0,0.0
0,0,0.0,0.0
0,0,0.0,0.0
0,0,0.0,0.0
0,0,0.0,0.0
0,0,0.0,0.0
0,0,0.0,0.0
0,0,0.0,0.0
0,0,0.0,0.0
0,0,0.0,0.0
0,0,0.0,0.0
0,0,0.0,0.0
0,0,0.0,0.0
0,0,0.0,0.0
0,0,0.0,0.0
0,0,0.0,0.0
0,0,0.0,0.0
0,0,0.0,0.0
0,0,0.0,0.0
0,0,0.0,0.0
0,0,0.0,0.0
0,0,0.0,0.0
0,0,0.0,0.0
0,0,0.0,0.0
0,0,0.0,0.0
0,0,0.0,0.0
0,0,0.0,0.0
0,0,0.0,0.0
0,0,0.0,0.0
0,0,0.0,0.0
0,0,0.0,0.0
0,0,0.0,0.0
0,0,0.0,0.0
0,0,0.0,0.0
0,0,0.0,0.0
0,0,0.0,0.0
0,0,0.0,0.0
0,0,0.0,0.0
0,0,0.0,0.0
0,0,0.0,0.0
0,0,0.0,0.0
0,0,0.0,0.0
0,0,0.0,0.0
0,0,0.0,0.0
0,0,0.0,0.0
0,0,0.0,0.0
0,0,0.0,0.0
0,0,0.0,0.0
0,0,0.0,0.0
0,0,0.0,0.0
0,0,0.0,0.0
0,0,0.0,0.0
0,0,0.0,0.0
0,0,0.0,0.0
0,0,0.0,0.0
0,0,0.0,0.0
0,0,0.0,0.0
0,0,0.0,0.0
0,0,0.0,0.0
0,0,0.0,0.0
0,0,0.0,0.0
0,0,0.0,0.0
0,0,0.0,0.0
0,0,0.0,0.0
0,0,0.0,0.0
0,0,0.0,0.0
0,0,0.0,0.0
0,0,0.0,0.0
0,0,0.0,0.0
0,0,0.0,0.0
0,0,0.0,0.0
0,0,0.0,0.0
0,0,0.0,0.0
0,0,0.0,0.0
0,0,0.0,0.0
0,0,0.0,0.0
0,0,0.0,0.0
0,0,0.0,0.0
0,0,0.0,0.0
0,0,0.0,0.0
0,0,0.0,0.0
0,0,0.0,0.0
0,0,0.0,0.0
0,0,0.0,0.0
0,0,0.0,0.0
0,0,0.0,0.0
0,0,0.0,0.0
0,0,0.0,0.0
0,0,0.0,0.0
0,0,0.0,0.0
0,0,0.0,0.0
0,0,0.0,0.0
0,0,0.0,0.0
0,0,0.0,0.0
0,0,0.0,0.0
0,0,0.0,0.0
0,0,0.0,0.0
0,0,0.0,0.0
0,0,0.0,0.0
0,0,0.0,0.0
0,0,0.0,0.0
0,0,0.0,0.0
0,0,0.0,0.0
0,0,0.0,0.0
0,0,0.0,0.0
0,0,0.0,0.0
0,0,0.0,0.0
0,0,0.0,0.0
0,0,0.0,0.0
0,0,0.0,0.0
0,0,0.0,0.0
0,0,0.0,0.0
0,0,0.0,0.0
0,0,0.0,0.0
0,0,0.0,0.0
0,0,0.0,0.0
0,0,0.0,0.0
0,0,0.0,0.0
0,0,0.0,0.0
0,0,0.0,0.0
0,0,0.0,0.0
0,0,0.0,0.0
0,0,0.0,0.0
0,0,0.0,0.0
0,0,0.0,0.0
0,0,0.0,0.0
0,0,0.0,0.0
0,0,0.0,0.0
0,0,0.0,0.0
0,0,0.0,0.0
0,0,0.0,0.0
0,0,0.0,0.0
0,0,0.0,0.0
0,0,0.0,0.0
0,0,0.0,0.0
0,0,0.0,0.0
0,0,0.0,0.0
0,0,0.0,0.0
0,0,0.0,0.0
0,0,0.0,0.0
0,0,0.0,0.0
0,0,0.0,0.0
0,0,0.0,0.0
0,0,0.0,0.0
0,0,0.0,0.0
0,0,0.0,0.0
0,0,0.0,0.0
0,0,0.0,0.0
0,0,0.0,0.0
0,0,0.0,0.0
0,0,0.0,0.0
0,0,0.0,0.0
0,0,0.0,0.0
0,0,0.0,0.0
0,0,0.0,0.0
0,0,0.0,0.0
0,0,0.0,0.0
0,0,0.0,0.0
0,0,0.0,0.0
0,0,0.0,0.0
0,0,0.0,0.0
0,0,0.0,0.0
0,0,0.0,0.0
0,0,0.0,0.0
0,0,0.0,0.0
0,0,0.0,0.0
0,0,0.0,0.0
0,0,0.0,0.0
0,0,0.0,0.0
0,0,0.0,0.0
0,0,0.0,0.0
0,0,0.0,0.0
0,0,0.0,0.0
0,0,0.0,0.0
0,0,0.0,0.0
0,0,0.0,0.0
0,0,0.0,0.0
0,0,0.0,0.0
0,0,0.0,0.0
0,0,0.0,0.0
0,0,0.0,0.0
0,0,0.0,0.0
0,0,0.0,0.0
0,0,0.0,0.0
0,0,0.0,0.0
0,0,0.0,0.0
0,0,0.0,0.0
0,0,0.0,0.0
0,0,0.0,0.0
0,0,0.0,0.0
0,0,0.0,0.0
0,0,0.0,0.0
0,0,0.0,0.0
0,0,0.0,0.0
0,0,0.0,0.0
0,0,0.0,0.0
0,0,0.0,0.0
0,0,0.0,0.0
0,0,0.0,0.0
0,0,0.0,0.0
0,0,0.0,0.0
0,0,0.0,0.0
0,0,0.0,0.0
0,0,0.0,0.0
0,0,0.0,0.0
0,0,0.0,0.0
0,0,0.0,0.0
0,0,0.0,0.0
0,0,0.0,0.0
0,0,0.0,0.0
0,0,0.0,0.0
0,0,0.0,0.0
0,0,0.0,0.0
0,0,0.0,0.0
0,0,0.0,0.0
0,0,0.0,0.0
0,0,0.0,0.0
0,0,0.0,0.0
0,0,0.0,0.0
0,0,0.0,0.0
0,0,0.0,0.0
0,0,0.0,0.0
0,0,0.0,0.0
0,0,0.0,0.0
0,0,0.0,0.0
0,0,0.0,0.0
0,0,0.0,0.0
0,0,0.0,0.0
0,0,0.0,0.0
0,0,0.0,0.0
0,0,0.0,0.0
0,0,0.0,0.0
0,0,0.0,0.0
0,0,0.0,0.0
0,0,0.0,0.0
0,0,0.0,0.0
0,0,0.0,0.0
0,0,0.0,0.0
0,0,0.0,0.0
0,0,0.0,0.0
0,0,0.0,0.0
0,0,0.0,0.0
0,0,0.0,0.0
0,0,0.0,0.0
0,0,0.0,0.0
0,0,0.0,0.0
0,0,0.0,0.0
0,0,0.0,0.0
0,0,0.0,0.0
0,0,0.0,0.0
0,0,0.0,0.0
0,0,0.0,0.0
0,0,0.0,0.0
0,0,0.0,0.0
0,0,0.0,0.0
0,0,0.0,0.0
0,0,0.0,0.0
0,0,0.0,0.0
0,0,0.0,0.0
0,0,0.0,0.0
0,0,0.0,0.0
0,0,0.0,0.0
0,0,0.0,0.0
0,0,0.0,0.0
0,0,0.0,0.0
0,0,0.0,0.0
0,0,0.0,0.0
0,0,0.0,0.0
0,0,0.0,0.0
0,0,0.0,0.0
0,0,0.0,0.0
0,0,0.0,0.0
0,0,0.0,0.0
0,0,0.0,0.0
0,0,0.0,0.0
0,0,0.0,0.0
0,0,0.0,0.0
0,0,0.0,0.0
0,0,0.0,0.0
0,0,0.0,0.0
0,0,0.0,0.0
0,0,0.0,0.0
0,0,0.0,0.0
0,0,0.0,0.0
0,0,0.0,0.0
0,0,0.0,0.0
0,0,0.0,0.0
0,0,0.0,0.0
0,0,0.0,0.0
0,0,0.0,0.0
0,0,0.0,0.0
0,0,0.0,0.0
0,0,0.0,0.0
0,0,0.0,0.0
0,0,0.0,0.0
0,0,0.0,0.0
0,0,0.0,0.0
0,0,0.0,0.0
0,0,0.0,0.0
0,0,0.0,0.0
0,0,0.0,0.0
0,0,0.0,0.0
0,0,0.0,0.0
0,0,0.0,0.0
0,0,0.0,0.0
0,0,0.0,0.0
0,0,0.0,0.0
0,0,0.0,0.0
0,0,0.0,0.0
0,0,0.0,0.0
0,0,0.0,0.0
0,0,0.0,0.0
0,0,0.0,0.0
0,0,0.0,0.0
0,0,0.0,0.0
0,0,0.0,0.0
0,0,0.0,0.0
0,0,0.0,0.0
0,0,0.0,0.0
0,0,0.0,0.0
0,0,0.0,0.0
0,0,0.0,0.0
0,0,0.0,0.0
0,0,0.0,0.0
0,0,0.0,0.0
0,0,0.0,0.0
0,0,0.0,0.0
0,0,0.0,0.0
0,0,0.0,0.0
0,0,0.0,0.0
0,0,0.0,0.0
0,0,0.0,0.0
0,0,0.0,0.0
0,0,0.0,0.0
0,0,0.0,0.0
0,0,0.0,0.0
0,0,0.0,0.0
0,0,0.0,0.0
0,0,0.0,0.0
0,0,0.0,0.0
0,0,0.0,0.0
0,0,0.0,0.0
0,0,0.0,0.0
0,0,0.0,0.0
923,923,0.0030045572916666667,0.0030045572916666667
4331,3408,0.014098307291666667,0.01109375
2478,1853,0.00806640625,0.006031901041666667
0,2478,0.0,0.00806640625
0,0,0.0,0.0
3268,3268,0.010638020833333333,0.010638020833333333
6528,3260,0.02125,0.010611979166666667
6363,437,0.020712890625,0.0014225260416666668
4649,1714,0.015133463541666666,0.005579427083333333
5518,869,0.017962239583333334,0.0028287760416666665
5495,1031,0.017887369791666666,0.0033561197916666665
4089,1424,0.013310546875,0.004635416666666667
0,4089,0.0,0.013310546875
0,0,0.0,0.0
0,0,0.0,0.0
0,0,0.0,0.0
0,0,0.0,0.0
0,0,0.0,0.0
0,0,0.0,0.0
0,0,0.0,0.0
2031,2031,0.006611328125,0.006611328125
1648,481,0.005364583333333333,0.0015657552083333333
1338,310,0.00435546875,0.0010091145833333334
0,1338,0.0,0.00435546875
0,0,0.0,0.0
1214,1214,0.003951822916666667,0.003951822916666667
3151,1937,0.010257161458333334,0.006305338541666667
2182,969,0.007102864583333333,0.003154296875
2250,68,0.00732421875,0.00022135416666666666
4720,2470,0.015364583333333333,0.008040364583333333
6172,1452,0.020091145833333334,0.0047265625
2125,4481,0.006917317708333333,0.014586588541666667
0,2125,0.0,0.006917317708333333
0,0,0.0,0.0
0,0,0.0,0.0
0,0,0.0,0.0
0,0,0.0,0.0
0,0,0.0,0.0
0,0,0.0,0.0
0,0,0.0,0.0
0,0,0.0,0.0
0,0,0.0,0.0
0,0,0.0,0.0
0,0,0.0,0.0
0,0,0.0,0.0
0,0,0.0,0.0
0,0,0.0,0.0
0,0,0.0,0.0
0,0,0.0,0.0
0,0,0.0,0.0
0,0,0.0,0.0
0,0,0.0,0.0
0,0,0.0,0.0
0,0,0.0,0.0
0,0,0.0,0.0
0,0,0.0,0.0
0,0,0.0,0.0
0,0,0.0,0.0
0,0,0.0,0.0
0,0,0.0,0.0
0,0,0.0,0.0
0,0,0.0,0.0
0,0,0.0,0.0
0,0,0.0,0.0
0,0,0.0,0.0
0,0,0.0,0.0
0,0,0.0,0.0
0,0,0.0,0.0
0,0,0.0,0.0
0,0,0.0,0.0
0,0,0.0,0.0
0,0,0.0,0.0
0,0,0.0,0.0
0,0,0.0,0.0
0,0,0.0,0.0
0,0,0.0,0.0
0,0,0.0,0.0
0,0,0.0,0.0
0,0,0.0,0.0
0,0,0.0,0.0
0,0,0.0,0.0
0,0,0.0,0.0
0,0,0.0,0.0
0,0,0.0,0.0
0,0,0.0,0.0
0,0,0.0,0.0
0,0,0.0,0.0
0,0,0.0,0.0
0,0,0.0,0.0
0,0,0.0,0.0
0,0,0.0,0.0
0,0,0.0,0.0
0,0,0.0,0.0
0,0,0.0,0.0
0,0,0.0,0.0
0,0,0.0,0.0
0,0,0.0,0.0
0,0,0.0,0.0
0,0,0.0,0.0
0,0,0.0,0.0
0,0,0.0,0.0
0,0,0.0,0.0
0,0,0.0,0.0
0,0,0.0,0.0
0,0,0.0,0.0
0,0,0.0,0.0
0,0,0.0,0.0
0,0,0.0,0.0
0,0,0.0,0.0
0,0,0.0,0.0
0,0,0.0,0.0
0,0,0.0,0.0
0,0,0.0,0.0
0,0,0.0,0.0
0,0,0.0,0.0
0,0,0.0,0.0
0,0,0.0,0.0
0,0,0.0,0.0
0,0,0.0,0.0
0,0,0.0,0.0
2546,2546,0.008287760416666666,0.008287760416666666
2941,503,0.009573567708333333,0.0016373697916666667
3989,1048,0.012985026041666667,0.003411458333333333
2861,1128,0.009313151041666667,0.003671875
0,2861,0.0,0.009313151041666667
3609,3609,0.011748046875,0.011748046875
0,3609,0.0,0.011748046875
0,0,0.0,0.0
8132,8132,0.026471354166666666,0.026471354166666666
0,8132,0.0,0.026471354166666666
0,0,0.0,0.0
9502,9502,0.030930989583333332,0.030930989583333332
0,9502,0.0,0.030930989583333332
4235,4235,0.013785807291666667,0.013785807291666667
1278,2957,0.00416015625,0.009625651041666667
0,1278,0.0,0.00416015625
3145,3145,0.010237630208333333,0.010237630208333333
0,3145,0.0,0.010237630208333333
0,0,0.0,0.0
6656,6656,0.021666666666666667,0.021666666666666667
0,6656,0.0,0.021666666666666667
0,0,0.0,0.0
5445,5445,0.017724609375,0.017724609375
0,5445,0.0,0.017724609375
0,0,0.0,0.0
0,0,0.0,0.0
0,0,0.0,0.0
0,0,0.0,0.0
0,0,0.0,0.0
0,0,0.0,0.0
0,0,0.0,0.0
0,0,0.0,0.0
0,0,0.0,0.0
0,0,0.0,0.0
0,0,0.0,0.0
0,0,0.0,0.0
0,0,0.0,0.0
0,0,0.0,0.0
0,0,0.0,0.0
0,0,0.0,0.0
0,0,0.0,0.0
0,0,0.0,0.0
0,0,0.0,0.0
0,0,0.0,0.0
0,0,0.0,0.0
0,0,0.0,0.0
0,0,0.0,0.0
0,0,0.0,0.0
0,0,0.0,0.0
0,0,0.0,0.0
0,0,0.0,0.0
0,0,0.0,0.0
0,0,0.0,0.0
0,0,0.0,0.0
0,0,0.0,0.0
0,0,0.0,0.0
0,0,0.0,0.0
0,0,0.0,0.0
0,0,0.0,0.0
0,0,0.0,0.0
0,0,0.0,0.0
0,0,0.0,0.0
0,0,0.0,0.0
0,0,0.0,0.0
0,0,0.0,0.0
0,0,0.0,0.0
0,0,0.0,0.0
0,0,0.0,0.0
0,0,0.0,0.0
0,0,0.0,0.0
0,0,0.0,0.0
0,0,0.0,0.0
0,0,0.0,0.0
0,0,0.0,0.0
0,0,0.0,0.0
0,0,0.0,0.0
0,0,0.0,0.0
0,0,0.0,0.0
0,0,0.0,0.0
0,0,0.0,0.0
0,0,0.0,0.0
0,0,0.0,0.0
0,0,0.0,0.0
0,0,0.0,0.0
0,0,0.0,0.0
0,0,0.0,0.0
0,0,0.0,0.0
0,0,0.0,0.0
0,0,0.0,0.0
0,0,0.0,0.0
0,0,0.0,0.0
0,0,0.0,0.0
0,0,0.0,0.0
0,0,0.0,0.0
0,0,0.0,0.0
0,0,0.0,0.0
0,0,0.0,0.0
0,0,0.0,0.0
0,0,0.0,0.0
0,0,0.0,0.0
0,0,0.0,0.0
0,0,0.0,0.0
0,0,0.0,0.0
0,0,0.0,0.0
0,0,0.0,0.0
0,0,0.0,0.0
0,0,0.0,0.0
0,0,0.0,0.0
0,0,0.0,0.0
0,0,0.0,0.0
0,0,0.0,0.0
0,0,0.0,0.0
0,0,0.0,0.0
0,0,0.0,0.0
0,0,0.0,0.0
0,0,0.0,0.0
0,0,0.0,0.0
0,0,0.0,0.0
0,0,0.0,0.0
0,0,0.0,0.0
0,0,0.0,0.0
0,0,0.0,0.0
0,0,0.0,0.0
0,0,0.0,0.0
0,0,0.0,0.0
0,0,0.0,0.0
0,0,0.0,0.0
0,0,0.0,0.0
0,0,0.0,0.0
0,0,0.0,0.0
0,0,0.0,0.0
0,0,0.0,0.0
0,0,0.0,0.0
0,0,0.0,0.0
0,0,0.0,0.0
0,0,0.0,0.0
0,0,0.0,0.0
0,0,0.0,0.0
0,0,0.0,0.0
0,0,0.0,0.0
0,0,0.0,0.0
0,0,0.0,0.0
0,0,0.0,0.0
0,0,0.0,0.0
0,0,0.0,0.0
0,0,0.0,0.0
0,0,0.0,0.0
0,0,0.0,0.0
0,0,0.0,0.0
0,0,0.0,0.0
0,0,0.0,0.0
0,0,0.0,0.0
0,0,0.0,0.0
0,0,0.0,0.0
0,0,0.0,0.0
0,0,0.0,0.0
0,0,0.0,0.0
0,0,0.0,0.0
0,0,0.0,0.0
0,0,0.0,0.0
0,0,0.0,0.0
0,0,0.0,0.0
0,0,0.0,0.0
0,0,0.0,0.0
0,0,0.0,0.0
0,0,0.0,0.0
0,0,0.0,0.0
0,0,0.0,0.0
0,0,0.0,0.0
0,0,0.0,0.0
0,0,0.0,0.0
0,0,0.0,0.0
0,0,0.0,0.0
0,0,0.0,0.0
0,0,0.0,0.0
0,0,0.0,0.0
0,0,0.0,0.0
0,0,0.0,0.0
0,0,0.0,0.0
0,0,0.0,0.0
0,0,0.0,0.0
0,0,0.0,0.0
0,0,0.0,0.0
0,0,0.0,0.0
0,0,0.0,0.0
0,0,0.0,0.0
0,0,0.0,0.0
0,0,0.0,0.0
0,0,0.0,0.0
0,0,0.0,0.0
0,0,0.0,0.0
0,0,0.0,0.0
0,0,0.0,0.0
0,0,0.0,0.0
0,0,0.0,0.0
0,0,0.0,0.0
0,0,0.0,0.0
0,0,0.0,0.0
0,0,0.0,0.0
0,0,0.0,0.0
0,0,0.0,0.0
0,0,0.0,0.0
0,0,0.0,0.0
0,0,0.0,0.0
0,0,0.0,0.0
0,0,0.0,0.0
0,0,0.0,0.0
0,0,0.0,0.0
0,0,0.0,0.0
0,0,0.0,0.0
0,0,0.0,0.0
0,0,0.0,0.0
0,0,0.0,0.0
0,0,0.0,0.0
0,0,0.0,0.0
0,0,0.0,0.0
0,0,0.0,0.0
0,0,0.0,0.0
0,0,0.0,0.0
0,0,0.0,0.0
0,0,0.0,0.0
0,0,0.0,0.0
0,0,0.0,0.0
0,0,0.0,0.0
0,0,0.0,0.0
0,0,0.0,0.0
0,0,0.0,0.0
0,0,0.0,0.0
0,0,0.0,0.0
0,0,0.0,0.0
0,0,0.0,0.0
0,0,0.0,0.0
0,0,0.0,0.0
0,0,0.0,0.0
0,0,0.0,0.0
0,0,0.0,0.0
0,0,0.0,0.0
0,0,0.0,0.0
0,0,0.0,0.0
0,0,0.0,0.0
0,0,0.0,0.0
0,0,0.0,0.0
0,0,0.0,0.0
0,0,0.0,0.0
0,0,0.0,0.0
0,0,0.0,0.0
0,0,0.0,0.0
0,0,0.0,0.0
0,0,0.0,0.0
0,0,0.0,0.0
0,0,0.0,0.0
2876,2876,0.009361979166666666,0.009361979166666666
45851,42975,0.14925455729166667,0.139892578125
112052,66201,0.36475260416666666,0.215498046875
164907,52855,0.536806640625,0.17205403645833334
197492,37675,0.6428776041666666,0.12263997395833333
238056,40564,0.774921875,0.13204427083333334
269353,36387,0.8768001302083334,0.118447265625
283437,25334,0.922646484375,0.08246744791666667
257436,28363,0.8380078125,0.09232747395833334
258361,5071,0.8410188802083334,0.016507161458333332
283079,34896,0.9214811197916667,0.11359375
293204,24041,0.9544401041666667,0.07825846354166667
302731,9527,0.9854524739583334,0.031012369791666668
299070,3661,0.97353515625,0.011917317708333333
0,299070,0.0,0.97353515625
299855,299855,0.9760904947916667,0.9760904947916667
296010,4175,0.96357421875,0.013590494791666666
296830,11984,0.9662434895833333,0.039010416666666665
285357,11473,0.928896484375,0.03734700520833333
294483,9682,0.958603515625,0.03151692708333333
296307,12862,0.964541015625,0.041868489583333335
223713,77082,0.728232421875,0.25091796875
177520,46193,0.5778645833333333,0.15036783854166666
153326,24194,0.49910807291666665,0.07875651041666666
143636,12482,0.4675651041666667,0.04063151041666667
139859,7439,0.45527018229166666,0.024215494791666667
132904,9079,0.4326302083333333,0.029554036458333332
131919,4829,0.429423828125,0.015719401041666668
140727,11054,0.458095703125,0.035983072916666664
130445,11674,0.42462565104166666,0.038001302083333334
129929,3014,0.4229459635416667,0.009811197916666667
137351,11172,0.44710611979166665,0.0363671875
0,137351,0.0,0.44710611979166665
0,0,0.0,0.0
0,0,0.0,0.0
0,0,0.0,0.0
0,0,0.0,0.0
0,0,0.0,0.0
0,0,0.0,0.0
0,0,0.0,0.0
0,0,0.0,0.0
0,0,0.0,0.0
0,0,0.0,0.0
0,0,0.0,0.0
0,0,0.0,0.0
0,0,0.0,0.0
0,0,0.0,0.0
0,0,0.0,0.0
0,0,0.0,0.0
0,0,0.0,0.0
0,0,0.0,0.0
0,0,0.0,0.0
0,0,0.0,0.0
0,0,0.0,0.0
0,0,0.0,0.0
0,0,0.0,0.0
0,0,0.0,0.0
0,0,0.0,0.0
0,0,0.0,0.0
0,0,0.0,0.0
0,0,0.0,0.0
0,0,0.0,0.0
0,0,0.0,0.0
0,0,0.0,0.0
0,0,0.0,0.0
0,0,0.0,0.0
0,0,0.0,0.0
0,0,0.0,0.0
0,0,0.0,0.0
0,0,0.0,0.0
0,0,0.0,0.0
275215,275215,0.8958821614583333,0.8958821614583333
290056,14841,0.9441927083333334,0.048310546875
0,290056,0.0,0.9441927083333334
0,0,0.0,0.0
0,0,0.0,0.0
0,0,0.0,0.0
0,0,0.0,0.0
0,0,0.0,0.0
0,0,0.0,0.0
0,0,0.0,0.0
0,0,0.0,0.0
0,0,0.0,0.0
0,0,0.0,0.0
0,0,0.0,0.0
0,0,0.0,0.0
0,0,0.0,0.0
0,0,0.0,0.0
0,0,0.0,0.0
0,0,0.0,0.0
0,0,0.0,0.0
0,0,0.0,0.0
0,0,0.0,0.0
0,0,0.0,0.0
0,0,0.0,0.0
0,0,0.0,0.0
0,0,0.0,0.0
0,0,0.0,0.0
0,0,0.0,0.0
0,0,0.0,0.0
0,0,0.0,0.0
0,0,0.0,0.0
0,0,0.0,0.0
0,0,0.0,0.0
0,0,0.0,0.0
0,0,0.0,0.0
0,0,0.0,0.0
0,0,0.0,0.0
0,0,0.0,0.0
0,0,0.0,0.0
0,0,0.0,0.0
0,0,0.0,0.0
0,0,0.0,0.0
0,0,0.0,0.0
0,0,0.0,0.0
0,0,0.0,0.0
0,0,0.0,0.0
0,0,0.0,0.0
0,0,0.0,0.0
0,0,0.0,0.0
0,0,0.0,0.0
0,0,0.0,0.0
0,0,0.0,0.0
0,0,0.0,0.0
0,0,0.0,0.0
0,0,0.0,0.0
0,0,0.0,0.0
0,0,0.0,0.0
0,0,0.0,0.0
0,0,0.0,0.0
0,0,0.0,0.0
0,0,0.0,0.0
0,0,0.0,0.0
0,0,0.0,0.0
0,0,0.0,0.0
0,0,0.0,0.0
0,0,0.0,0.0
0,0,0.0,0.0
0,0,0.0,0.0
0,0,0.0,0.0
0,0,0.0,0.0
0,0,0.0,0.0
0,0,0.0,0.0
0,0,0.0,0.0
0,0,0.0,0.0
0,0,0.0,0.0
0,0,0.0,0.0
0,0,0.0,0.0
0,0,0.0,0.0
0,0,0.0,0.0
0,0,0.0,0.0
0,0,0.0,0.0
0,0,0.0,0.0
0,0,0.0,0.0
0,0,0.0,0.0
0,0,0.0,0.0
0,0,0.0,0.0
0,0,0.0,0.0
0,0,0.0,0.0
0,0,0.0,0.0
0,0,0.0,0.0
0,0,0.0,0.0
0,0,0.0,0.0
0,0,0.0,0.0
0,0,0.0,0.0
0,0,0.0,0.0
0,0,0.0,0.0
0,0,0.0,0.0
0,0,0.0,0.0
0,0,0.0,0.0
0,0,0.0,0.0
0,0,0.0,0.0
0,0,0.0,0.0
0,0,0.0,0.0
0,0,0.0,0.0
0,0,0.0,0.0
0,0,0.0,0.0
0,0,0.0,0.0
0,0,0.0,0.0
0,0,0.0,0.0
0,0,0.0,0.0
0,0,0.0,0.0
0,0,0.0,0.0
0,0,0.0,0.0
0,0,0.0,0.0
0,0,0.0,0.0
0,0,0.0,0.0
0,0,0.0,0.0
0,0,0.0,0.0
0,0,0.0,0.0
0,0,0.0,0.0
0,0,0.0,0.0
0,0,0.0,0.0
0,0,0.0,0.0
0,0,0.0,0.0
0,0,0.0,0.0
0,0,0.0,0.0
0,0,0.0,0.0
0,0,0.0,0.0
0,0,0.0,0.0
0,0,0.0,0.0
0,0,0.0,0.0
0,0,0.0,0.0
0,0,0.0,0.0
0,0,0.0,0.0
0,0,0.0,0.0
0,0,0.0,0.0
0,0,0.0,0.0
0,0,0.0,0.0
0,0,0.0,0.0
0,0,0.0,0.0
0,0,0.0,0.0
0,0,0.0,0.0
0,0,0.0,0.0
0,0,0.0,0.0
0,0,0.0,0.0
0,0,0.0,0.0
0,0,0.0,0.0
0,0,0.0,0.0
0,0,0.0,0.0
0,0,0.0,0.0
0,0,0.0,0.0
0,0,0.0,0.0
0,0,0.0,0.0
0,0,0.0,0.0
0,0,0.0,0.0
0,0,0.0,0.0
0,0,0.0,0.0
0,0,0.0,0.0
0,0,0.0,0.0
0,0,0.0,0.0
0,0,0.0,0.0
0,0,0.0,0.0
0,0,0.0,0.0
0,0,0.0,0.0
0,0,0.0,0.0
0,0,0.0,0.0
0,0,0.0,0.0
0,0,0.0,0.0
0,0,0.0,0.0
0,0,0.0,0.0
0,0,0.0,0.0
0,0,0.0,0.0
0,0,0.0,0.0
0,0,0.0,0.0
0,0,0.0,0.0
0,0,0.0,0.0
0,0,0.0,0.0
0,0,0.0,0.0
0,0,0.0,0.0
0,0,0.0,0.0
0,0,0.0,0.0
0,0,0.0,0.0
0,0,0.0,0.0
0,0,0.0,0.0
0,0,0.0,0.0
0,0,0.0,0.0
0,0,0.0,0.0
0,0,0.0,0.0
0,0,0.0,0.0
0,0,0.0,0.0
0,0,0.0,0.0
0,0,0.0,0.0
279158,279158,0.9087174479166666,0.9087174479166666
0,279158,0.0,0.9087174479166666
278373,278373,0.906162109375,0.906162109375
295913,22842,0.9632584635416667,0.07435546875
0,295913,0.0,0.9632584635416667
0,0,0.0,0.0
0,0,0.0,0.0
0,0,0.0,0.0
0,0,0.0,0.0
0,0,0.0,0.0
0,0,0.0,0.0
0,0,0.0,0.0
0,0,0.0,0.0
0,0,0.0,0.0
0,0,0.0,0.0
0,0,0.0,0.0
0,0,0.0,0.0
0,0,0.0,0.0
0,0,0.0,0.0
0,0,0.0,0.0
0,0,0.0,0.0
0,0,0.0,0.0
0,0,0.0,0.0
0,0,0.0,0.0
0,0,0.0,0.0
0,0,0.0,0.0
0,0,0.0,0.0
0,0,0.0,0.0
0,0,0.0,0.0
0,0,0.0,0.0
0,0,0.0,0.0
0,0,0.0,0.0
0,0,0.0,0.0
0,0,0.0,0.0
0,0,0.0,0.0
0,0,0.0,0.0
0,0,0.0,0.0
0,0,0.0,0.0
0,0,0.0,0.0
0,0,0.0,0.0
0,0,0.0,0.0
0,0,0.0,0.0
0,0,0.0,0.0
0,0,0.0,0.0
0,0,0.0,0.0
0,0,0.0,0.0
0,0,0.0,0.0
0,0,0.0,0.0
0,0,0.0,0.0
0,0,0.0,0.0
0,0,0.0,0.0
0,0,0.0,0.0
0,0,0.0,0.0
0,0,0.0,0.0
0,0,0.0,0.0
0,0,0.0,0.0
0,0,0.0,0.0
0,0,0.0,0.0
247012,247012,0.8040755208333333,0.8040755208333333
265062,20900,0.86283203125,0.06803385416666667
261219,6039,0.850322265625,0.019658203125
262977,7248,0.856044921875,0.02359375
263213,8256,0.8568131510416667,0.026875
267024,5017,0.86921875,0.016331380208333333
279141,24295,0.908662109375,0.07908528645833333
297636,19069,0.9688671875,0.06207356770833333
298540,8032,0.9718098958333333,0.026145833333333333
297592,6594,0.9687239583333334,0.02146484375
295114,2510,0.9606575520833334,0.008170572916666667
291871,3243,0.9501009114583333,0.010556640625
293416,1545,0.9551302083333333,0.005029296875
292772,644,0.9530338541666666,0.0020963541666666665
288508,4282,0.9391536458333334,0.013938802083333333
288285,8371,0.938427734375,0.027249348958333332
281606,7021,0.9166861979166666,0.022854817708333332
273192,14334,0.889296875,0.04666015625
253012,21812,0.8236067708333333,0.07100260416666666
190019,69559,0.6185514322916666,0.22642903645833334
0,190019,0.0,0.6185514322916666
86284,86284,0.28087239583333334,0.28087239583333334
0,86284,0.0,0.28087239583333334
112495,112495,0.36619466145833335,0.36619466145833335
98296,14199,0.3199739583333333,0.046220703125
76311,22397,0.248408203125,0.07290690104166667
0,76311,0.0,0.248408203125
0,0,0.0,0.0
0,0,0.0,0.0
0,0,0.0,0.0
0,0,0.0,0.0
0,0,0.0,0.0
0,0,0.0,0.0
0,0,0.0,0.0
0,0,0.0,0.0
0,0,0.0,0.0
0,0,0.0,0.0
0,0,0.0,0.0
0,0,0.0,0.0
0,0,0.0,0.0
0,0,0.0,0.0
0,0,0.0,0.0
0,0,0.0,0.0
0,0,0.0,0.0
0,0,0.0,0.0
0,0,0.0,0.0
0,0,0.0,0.0
0,0,0.0,0.0
0,0,0.0,0.0
0,0,0.0,0.0
0,0,0.0,0.0
0,0,0.0,0.0
0,0,0.0,0.0
0,0,0.0,0.0
0,0,0.0,0.0
0,0,0.0,0.0
0,0,0.0,0.0
0,0,0.0,0.0
0,0,0.0,0.0
0,0,0.0,0.0
0,0,0.0,0.0
0,0,0.0,0.0
0,0,0.0,0.0
0,0,0.0,0.0
0,0,0.0,0.0
0,0,0.0,0.0
0,0,0.0,0.0
0,0,0.0,0.0
0,0,0.0,0.0
0,0,0.0,0.0
0,0,0.0,0.0
0,0,0.0,0.0
0,0,0.0,0.0
0,0,0.0,0.0
0,0,0.0,0.0
0,0,0.0,0.0
0,0,0.0,0.0
0,0,0.0,0.0
0,0,0.0,0.0
0,0,0.0,0.0
0,0,0.0,0.0
0,0,0.0,0.0
0,0,0.0,0.0
0,0,0.0,0.0
0,0,0.0,0.0
7076,7076,0.023033854166666666,0.023033854166666666
0,7076,0.0,0.023033854166666666
0,0,0.0,0.0
0,0,0.0,0.0
0,0,0.0,0.0
0,0,0.0,0.0
0,0,0.0,0.0
0,0,0.0,0.0
0,0,0.0,0.0
0,0,0.0,0.0
0,0,0.0,0.0
0,0,0.0,0.0
0,0,0.0,0.0
0,0,0.0,0.0
0,0,0.0,0.0
0,0,0.0,0.0
0,0,0.0,0.0
0,0,0.0,0.0
0,0,0.0,0.0
0,0,0.0,0.0
0,0,0.0,0.0
0,0,0.0,0.0
0,0,0.0,0.0
0,0,0.0,0.0
0,0,0.0,0.0
0,0,0.0,0.0
0,0,0.0,0.0
0,0,0.0,0.0
0,0,0.0,0.0
0,0,0.0,0.0
0,0,0.0,0.0
0,0,0.0,0.0
0,0,0.0,0.0
0,0,0.0,0.0
0,0,0.0,0.0
0,0,0.0,0.0
0,0,0.0,0.0
0,0,0.0,0.0
0,0,0.0,0.0
0,0,0.0,0.0
0,0,0.0,0.0
0,0,0.0,0.0
0,0,0.0,0.0
0,0,0.0,0.0
0,0,0.0,0.0
0,0,0.0,0.0
0,0,0.0,0.0
0,0,0.0,0.0
0,0,0.0,0.0
0,0,0.0,0.0
0,0,0.0,0.0
0,0,0.0,0.0
0,0,0.0,0.0
0,0,0.0,0.0
0,0,0.0,0.0
0,0,0.0,0.0
0,0,0.0,0.0
0,0,0.0,0.0
0,0,0.0,0.0
0,0,0.0,0.0
0,0,0.0,0.0
0,0,0.0,0.0
0,0,0.0,0.0
0,0,0.0,0.0
0,0,0.0,0.0
0,0,0.0,0.0
0,0,0.0,0.0
0,0,0.0,0.0
0,0,0.0,0.0
0,0,0.0,0.0
0,0,0.0,0.0
0,0,0.0,0.0
0,0,0.0,0.0
0,0,0.0,0.0
0,0,0.0,0.0
0,0,0.0,0.0
0,0,0.0,0.0
0,0,0.0,0.0
0,0,0.0,0.0
36289,36289,0.11812825520833334,0.11812825520833334
668,35621,0.0021744791666666666,0.11595377604166666
0,668,0.0,0.0021744791666666666
0,0,0.0,0.0
0,0,0.0,0.0
0,0,0.0,0.0
0,0,0.0,0.0
0,0,0.0,0.0
105470,105470,0.34332682291666666,0.34332682291666666
128091,22801,0.416962890625,0.07422200520833333
0,128091,0.0,0.416962890625
0,0,0.0,0.0
0,0,0.0,0.0
0,0,0.0,0.0
0,0,0.0,0.0
0,0,0.0,0.0
0,0,0.0,0.0
8295,8295,0.027001953125,0.027001953125
0,8295,0.0,0.027001953125
0,0,0.0,0.0
0,0,0.0,0.0
0,0,0.0,0.0
0,0,0.0,0.0
0,0,0.0,0.0
0,0,0.0,0.0
0,0,0.0,0.0
0,0,0.0,0.0
0,0,0.0,0.0
0,0,0.0,0.0
0,0,0.0,0.0
0,0,0.0,0.0
0,0,0.0,0.0
0,0,0.0,0.0
0,0,0.0,0.0
0,0,0.0,0.0
0,0,0.0,0.0
0,0,0.0,0.0
0,0,0.0,0.0
0,0,0.0,0.0
0,0,0.0,0.0
0,0,0.0,0.0
0,0,0.0,0.0
0,0,0.0,0.0
0,0,0.0,0.0
0,0,0.0,0.0
0,0,0.0,0.0
0,0,0.0,0.0
0,0,0.0,0.0
0,0,0.0,0.0
0,0,0.0,0.0
0,0,0.0,0.0
0,0,0.0,0.0
0,0,0.0,0.0
0,0,0.0,0.0
0,0,0.0,0.0
0,0,0.0,0.0
0,0,0.0,0.0
0,0,0.0,0.0
0,0,0.0,0.0
0,0,0.0,0.0
0,0,0.0,0.0
0,0,0.0,0.0
0,0,0.0,0.0
0,0,0.0,0.0
0,0,0.0,0.0
0,0,0.0,0.0
0,0,0.0,0.0
0,0,0.0,0.0
0,0,0.0,0.0
0,0,0.0,0.0
0,0,0.0,0.0
0,0,0.0,0.0
0,0,0.0,0.0
0,0,0.0,0.0
0,0,0.0,0.0
0,0,0.0,0.0
0,0,0.0,0.0
0,0,0.0,0.0
0,0,0.0,0.0
0,0,0.0,0.0
0,0,0.0,0.0
0,0,0.0,0.0
0,0,0.0,0.0
0,0,0.0,0.0
0,0,0.0,0.0
0,0,0.0,0.0
0,0,0.0,0.0
0,0,0.0,0.0
0,0,0.0,0.0
0,0,0.0,0.0
0,0,0.0,0.0
0,0,0.0,0.0
0,0,0.0,0.0
0,0,0.0,0.0
0,0,0.0,0.0
0,0,0.0,0.0
0,0,0.0,0.0
0,0,0.0,0.0
0,0,0.0,0.0
0,0,0.0,0.0
0,0,0.0,0.0
0,0,0.0,0.0
0,0,0.0,0.0
0,0,0.0,0.0
0,0,0.0,0.0
0,0,0.0,0.0
0,0,0.0,0.0
0,0,0.0,0.0
0,0,0.0,0.0
0,0,0.0,0.0
0,0,0.0,0.0
0,0,0.0,0.0
0,0,0.0,0.0
0,0,0.0,0.0
0,0,0.0,0.0
0,0,0.0,0.0
0,0,0.0,0.0
49150,49150,0.15999348958333334,0.15999348958333334
44211,5961,0.143916015625,0.019404296875
0,44211,0.0,0.143916015625
0,0,0.0,0.0
84404,84404,0.2747526041666667,0.2747526041666667
0,84404,0.0,0.2747526041666667
0,0,0.0,0.0
0,0,0.0,0.0
0,0,0.0,0.0
0,0,0.0,0.0
0,0,0.0,0.0
0,0,0.0,0.0
0,0,0.0,0.0
0,0,0.0,0.0
181005,181005,0.589208984375,0.589208984375
0,181005,0.0,0.589208984375
0,0,0.0,0.0
177219,177219,0.576884765625,0.576884765625
0,177219,0.0,0.576884765625
0,0,0.0,0.0
0,0,0.0,0.0
240417,240417,0.782607421875,0.782607421875
0,240417,0.0,0.782607421875
0,0,0.0,0.0
0,0,0.0,0.0
0,0,0.0,0.0
0,0,0.0,0.0
0,0,0.0,0.0
0,0,0.0,0.0
0,0,0.0,0.0
0,0,0.0,0.0
0,0,0.0,0.0
0,0,0.0,0.0
0,0,0.0,0.0
0,0,0.0,0.0
0,0,0.0,0.0
0,0,0.0,0.0
0,0,0.0,0.0
0,0,0.0,0.0
0,0,0.0,0.0
0,0,0.0,0.0
0,0,0.0,0.0
0,0,0.0,0.0
0,0,0.0,0.0
0,0,0.0,0.0
0,0,0.0,0.0
0,0,0.0,0.0
0,0,0.0,0.0
0,0,0.0,0.0
0,0,0.0,0.0
0,0,0.0,0.0
0,0,0.0,0.0
0,0,0.0,0.0
0,0,0.0,0.0
0,0,0.0,0.0
0,0,0.0,0.0
0,0,0.0,0.0
0,0,0.0,0.0
0,0,0.0,0.0
0,0,0.0,0.0
0,0,0.0,0.0
0,0,0.0,0.0
0,0,0.0,0.0
0,0,0.0,0.0
0,0,0.0,0.0
0,0,0.0,0.0
0,0,0.0,0.0
0,0,0.0,0.0
0,0,0.0,0.0
0,0,0.0,0.0
0,0,0.0,0.0
0,0,0.0,0.0
0,0,0.0,0.0
0,0,0.0,0.0
0,0,0.0,0.0
0,0,0.0,0.0
0,0,0.0,0.0
0,0,0.0,0.0
0,0,0.0,0.0
0,0,0.0,0.0
0,0,0.0,0.0
0,0,0.0,0.0
0,0,0.0,0.0
0,0,0.0,0.0
0,0,0.0,0.0
0,0,0.0,0.0
0,0,0.0,0.0
0,0,0.0,0.0
0,0,0.0,0.0
0,0,0.0,0.0
0,0,0.0,0.0
0,0,0.0,0.0
0,0,0.0,0.0
0,0,0.0,0.0
0,0,0.0,0.0
0,0,0.0,0.0
0,0,0.0,0.0
0,0,0.0,0.0
0,0,0.0,0.0
0,0,0.0,0.0
0,0,0.0,0.0
0,0,0.0,0.0
0,0,0.0,0.0
0,0,0.0,0.0
0,0,0.0,0.0
0,0,0.0,0.0
0,0,0.0,0.0
0,0,0.0,0.0
0,0,0.0,0.0
0,0,0.0,0.0
0,0,0.0,0.0
0,0,0.0,0.0
0,0,0.0,0.0
0,0,0.0,0.0
0,0,0.0,0.0
0,0,0.0,0.0
0,0,0.0,0.0
0,0,0.0,0.0
0,0,0.0,0.0
0,0,0.0,0.0
0,0,0.0,0.0
0,0,0.0,0.0
0,0,0.0,0.0
0,0,0.0,0.0
0,0,0.0,0.0
0,0,0.0,0.0
0,0,0.0,0.0
0,0,0.0,0.0
0,0,0.0,0.0
0,0,0.0,0.0
0,0,0.0,0.0
0,0,0.0,0.0
0,0,0.0,0.0
0,0,0.0,0.0
0,0,0.0,0.0
0,0,0.0,0.0
0,0,0.0,0.0
0,0,0.0,0.0
0,0,0.0,0.0
0,0,0.0,0.0
0,0,0.0,0.0
0,0,0.0,0.0
0,0,0.0,0.0
0,0,0.0,0.0
0,0,0.0,0.0
0,0,0.0,0.0
0,0,0.0,0.0
0,0,0.0,0.0
0,0,0.0,0.0
0,0,0.0,0.0
0,0,0.0,0.0
0,0,0.0,0.0
0,0,0.0,0.0
0,0,0.0,0.0
0,0,0.0,0.0
0,0,0.0,0.0
0,0,0.0,0.0
0,0,0.0,0.0
0,0,0.0,0.0
0,0,0.0,0.0
0,0,0.0,0.0
0,0,0.0,0.0
0,0,0.0,0.0
0,0,0.0,0.0
0,0,0.0,0.0
0,0,0.0,0.0
0,0,0.0,0.0
0,0,0.0,0.0
0,0,0.0,0.0
0,0,0.0,0.0
0,0,0.0,0.0
0,0,0.0,0.0
0,0,0.0,0.0
0,0,0.0,0.0
0,0,0.0,0.0
0,0,0.0,0.0
0,0,0.0,0.0
0,0,0.0,0.0
0,0,0.0,0.0
0,0,0.0,0.0
0,0,0.0,0.0
0,0,0.0,0.0
0,0,0.0,0.0
0,0,0.0,0.0
0,0,0.0,0.0
0,0,0.0,0.0
0,0,0.0,0.0
0,0,0.0,0.0
0,0,0.0,0.0
0,0,0.0,0.0
0,0,0.0,0.0
0,0,0.0,0.0
0,0,0.0,0.0
0,0,0.0,0.0
0,0,0.0,0.0
0,0,0.0,0.0
0,0,0.0,0.0
0,0,0.0,0.0
0,0,0.0,0.0
0,0,0.0,0.0
0,0,0.0,0.0
0,0,0.0,0.0
0,0,0.0,0.0
0,0,0.0,0.0
0,0,0.0,0.0
0,0,0.0,0.0
0,0,0.0,0.0
0,0,0.0,0.0
0,0,0.0,0.0
0,0,0.0,0.0
0,0,0.0,0.0
0,0,0.0,0.0
0,0,0.0,0.0
0,0,0.0,0.0
0,0,0.0,0.0
0,0,0.0,0.0
0,0,0.0,0.0
0,0,0.0,0.0
0,0,0.0,0.0
0,0,0.0,0.0
0,0,0.0,0.0
0,0,0.0,0.0
0,0,0.0,0.0
0,0,0.0,0.0
0,0,0.0,0.0
0,0,0.0,0.0
0,0,0.0,0.0
0,0,0.0,0.0
0,0,0.0,0.0
0,0,0.0,0.0
0,0,0.0,0.0
0,0,0.0,0.0
0,0,0.0,0.0
0,0,0.0,0.0
0,0,0.0,0.0
0,0,0.0,0.0
0,0,0.0,0.0
0,0,0.0,0.0
0,0,0.0,0.0
0,0,0.0,0.0
0,0,0.0,0.0
0,0,0.0,0.0
0,0,0.0,0.0
0,0,0.0,0.0
0,0,0.0,0.0
0,0,0.0,0.0
0,0,0.0,0.0
0,0,0.0,0.0
0,0,0.0,0.0
0,0,0.0,0.0
0,0,0.0,0.0
0,0,0.0,0.0
0,0,0.0,0.0
0,0,0.0,0.0
0,0,0.0,0.0
0,0,0.0,0.0
0,0,0.0,0.0
0,0,0.0,0.0
0,0,0.0,0.0
0,0,0.0,0.0
0,0,0.0,0.0
0,0,0.0,0.0
0,0,0.0,0.0
0,0,0.0,0.0
0,0,0.0,0.0
0,0,0.0,0.0
0,0,0.0,0.0
0,0,0.0,0.0
0,0,0.0,0.0
0,0,0.0,0.0
0,0,0.0,0.0
0,0,0.0,0.0
0,0,0.0,0.0
0,0,0.0,0.0
0,0,0.0,0.0
0,0,0.0,0.0
0,0,0.0,0.0
0,0,0.0,0.0
0,0,0.0,0.0
0,0,0.0,0.0
0,0,0.0,0.0
0,0,0.0,0.0
0,0,0.0,0.0
0,0,0.0,0.0
0,0,0.0,0.0
0,0,0.0,0.0
0,0,0.0,0.0
0,0,0.0,0.0
0,0,0.0,0.0
0,0,0.0,0.0
0,0,0.0,0.0
0,0,0.0,0.0
0,0,0.0,0.0
0,0,0.0,0.0
0,0,0.0,0.0
0,0,0.0,0.0
0,0,0.0,0.0
0,0,0.0,0.0
0,0,0.0,0.0
0,0,0.0,0.0
0,0,0.0,0.0
0,0,0.0,0.0
0,0,0.0,0.0
0,0,0.0,0.0
0,0,0.0,0.0
0,0,0.0,0.0
0,0,0.0,0.0
0,0,0.0,0.0
0,0,0.0,0.0
0,0,0.0,0.0
0,0,0.0,0.0
0,0,0.0,0.0
0,0,0.0,0.0
0,0,0.0,0.0
0,0,0.0,0.0
0,0,0.0,0.0
0,0,0.0,0.0
0,0,0.0,0.0
0,0,0.0,0.0
0,0,0.0,0.0
0,0,0.0,0.0
0,0,0.0,0.0
0,0,0.0,0.0
0,0,0.0,0.0
0,0,0.0,0.0
0,0,0.0,0.0
0,0,0.0,0.0
0,0,0.0,0.0
0,0,0.0,0.0
0,0,0.0,0.0
0,0,0.0,0.0
0,0,0.0,0.0
0,0,0.0,0.0
0,0,0.0,0.0
0,0,0.0,0.0
0,0,0.0,0.0
0,0,0.0,0.0
0,0,0.0,0.0
0,0,0.0,0.0
0,0,0.0,0.0
0,0,0.0,0.0
0,0,0.0,0.0
0,0,0.0,0.0
0,0,0.0,0.0
0,0,0.0,0.0
0,0,0.0,0.0
0,0,0.0,0.0
0,0,0.0,0.0
0,0,0.0,0.0
0,0,0.0,0.0
0,0,0.0,0.0
0,0,0.0,0.0
0,0,0.0,0.0
0,0,0.0,0.0
0,0,0.0,0.0
0,0,0.0,0.0
0,0,0.0,0.0
0,0,0.0,0.0
291199,291199,0.9479134114583333,0.9479134114583333
284858,6441,0.9272721354166666,0.020966796875
280330,4710,0.9125325520833333,0.01533203125
0,280330,0.0,0.9125325520833333
0,0,0.0,0.0
0,0,0.0,0.0
0,0,0.0,0.0
0,0,0.0,0.0
0,0,0.0,0.0
285226,285226,0.9284700520833333,0.9284700520833333
291951,6929,0.950361328125,0.022555338541666668
290337,2596,0.945107421875,0.008450520833333334
287108,9941,0.9345963541666666,0.03236002604166666
276748,11102,0.9008723958333333,0.03613932291666667
292167,17775,0.951064453125,0.057861328125
0,292167,0.0,0.951064453125
0,0,0.0,0.0
0,0,0.0,0.0
0,0,0.0,0.0
0,0,0.0,0.0
0,0,0.0,0.0
0,0,0.0,0.0
0,0,0.0,0.0
0,0,0.0,0.0
0,0,0.0,0.0
0,0,0.0,0.0
0,0,0.0,0.0
0,0,0.0,0.0
0,0,0.0,0.0
0,0,0.0,0.0
0,0,0.0,0.0
0,0,0.0,0.0
0,0,0.0,0.0
0,0,0.0,0.0
0,0,0.0,0.0
0,0,0.0,0.0
0,0,0.0,0.0
0,0,0.0,0.0
0,0,0.0,0.0
0,0,0.0,0.0
0,0,0.0,0.0
0,0,0.0,0.0
0,0,0.0,0.0
0,0,0.0,0.0
0,0,0.0,0.0
0,0,0.0,0.0
0,0,0.0,0.0
0,0,0.0,0.0
0,0,0.0,0.0
0,0,0.0,0.0
0,0,0.0,0.0
0,0,0.0,0.0
0,0,0.0,0.0
0,0,0.0,0.0
0,0,0.0,0.0
0,0,0.0,0.0
0,0,0.0,0.0
0,0,0.0,0.0
0,0,0.0,0.0
0,0,0.0,0.0
0,0,0.0,0.0
0,0,0.0,0.0
0,0,0.0,0.0
0,0,0.0,0.0
0,0,0.0,0.0
0,0,0.0,0.0
0,0,0.0,0.0
0,0,0.0,0.0
0,0,0.0,0.0
0,0,0.0,0.0
0,0,0.0,0.0
0,0,0.0,0.0
0,0,0.0,0.0
0,0,0.0,0.0
0,0,0.0,0.0
0,0,0.0,0.0
0,0,0.0,0.0
0,0,0.0,0.0
0,0,0.0,0.0
0,0,0.0,0.0
0,0,0.0,0.0
0,0,0.0,0.0
0,0,0.0,0.0
0,0,0.0,0.0
0,0,0.0,0.0
0,0,0.0,0.0
0,0,0.0,0.0
0,0,0.0,0.0
0,0,0.0,0.0
0,0,0.0,0.0
0,0,0.0,0.0
0,0,0.0,0.0
0,0,0.0,0.0
0,0,0.0,0.0
0,0,0.0,0.0
0,0,0.0,0.0
0,0,0.0,0.0
0,0,0.0,0.0
0,0,0.0,0.0
0,0,0.0,0.0
0,0,0.0,0.0
0,0,0.0,0.0
0,0,0.0,0.0
0,0,0.0,0.0
0,0,0.0,0.0
0,0,0.0,0.0
0,0,0.0,0.0
0,0,0.0,0.0
0,0,0.0,0.0
0,0,0.0,0.0
0,0,0.0,0.0
0,0,0.0,0.0
0,0,0.0,0.0
0,0,0.0,0.0
0,0,0.0,0.0
0,0,0.0,0.0
0,0,0.0,0.0
0,0,0.0,0.0
0,0,0.0,0.0
0,0,0.0,0.0
0,0,0.0,0.0
0,0,0.0,0.0
0,0,0.0,0.0
0,0,0.0,0.0
0,0,0.0,0.0
0,0,0.0,0.0
0,0,0.0,0.0
0,0,0.0,0.0
0,0,0.0,0.0
0,0,0.0,0.0
0,0,0.0,0.0
0,0,0.0,0.0
0,0,0.0,0.0
0,0,0.0,0.0
0,0,0.0,0.0
0,0,0.0,0.0
0,0,0.0,0.0
0,0,0.0,0.0
0,0,0.0,0.0
0,0,0.0,0.0
0,0,0.0,0.0
0,0,0.0,0.0
0,0,0.0,0.0
0,0,0.0,0.0
0,0,0.0,0.0
0,0,0.0,0.0
0,0,0.0,0.0
0,0,0.0,0.0
0,0,0.0,0.0
0,0,0.0,0.0
0,0,0.0,0.0
0,0,0.0,0.0
0,0,0.0,0.0
0,0,0.0,0.0
0,0,0.0,0.0
0,0,0.0,0.0
0,0,0.0,0.0
0,0,0.0,0.0
0,0,0.0,0.0
0,0,0.0,0.0
0,0,0.0,0.0
0,0,0.0,0.0
0,0,0.0,0.0
0,0,0.0,0.0
0,0,0.0,0.0
0,0,0.0,0.0
0,0,0.0,0.0
0,0,0.0,0.0
0,0,0.0,0.0
0,0,0.0,0.0
0,0,0.0,0.0
0,0,0.0,0.0
0,0,0.0,0.0
0,0,0.0,0.0
0,0,0.0,0.0
0,0,0.0,0.0
0,0,0.0,0.0
0,0,0.0,0.0
0,0,0.0,0.0
0,0,0.0,0.0
0,0,0.0,0.0
0,0,0.0,0.0
0,0,0.0,0.0
0,0,0.0,0.0
0,0,0.0,0.0
0,0,0.0,0.0
0,0,0.0,0.0
0,0,0.0,0.0
0,0,0.0,0.0
0,0,0.0,0.0
0,0,0.0,0.0
0,0,0.0,0.0
0,0,0.0,0.0
0,0,0.0,0.0
0,0,0.0,0.0
0,0,0.0,0.0
0,0,0.0,0.0
0,0,0.0,0.0
0,0,0.0,0.0
0,0,0.0,0.0
0,0,0.0,0.0
0,0,0.0,0.0
0,0,0.0,0.0
0,0,0.0,0.0
0,0,0.0,0.0
0,0,0.0,0.0
0,0,0.0,0.0
0,0,0.0,0.0
0,0,0.0,0.0
0,0,0.0,0.0
0,0,0.0,0.0
0,0,0.0,0.0
0,0,0.0,0.0
0,0,0.0,0.0
0,0,0.0,0.0
0,0,0.0,0.0
0,0,0.0,0.0
0,0,0.0,0.0
0,0,0.0,0.0
0,0,0.0,0.0
0,0,0.0,0.0
0,0,0.0,0.0
0,0,0.0,0.0
0,0,0.0,0.0
0,0,0.0,0.0
0,0,0.0,0.0
0,0,0.0,0.0
0,0,0.0,0.0
0,0,0.0,0.0
0,0,0.0,0.0
0,0,0.0,0.0
0,0,0.0,0.0
0,0,0.0,0.0
0,0,0.0,0.0
0,0,0.0,0.0
0,0,0.0,0.0
0,0,0.0,0.0
0,0,0.0,0.0
0,0,0.0,0.0
0,0,0.0,0.0
0,0,0.0,0.0
0,0,0.0,0.0
0,0,0.0,0.0
0,0,0.0,0.0
0,0,0.0,0.0
0,0,0.0,0.0
0,0,0.0,0.0
0,0,0.0,0.0
0,0,0.0,0.0
0,0,0.0,0.0
0,0,0.0,0.0
0,0,0.0,0.0
0,0,0.0,0.0
0,0,0.0,0.0
0,0,0.0,0.0
0,0,0.0,0.0
0,0,0.0,0.0
0,0,0.0,0.0
0,0,0.0,0.0
0,0,0.0,0.0
0,0,0.0,0.0
0,0,0.0,0.0
0,0,0.0,0.0
0,0,0.0,0.0
0,0,0.0,0.0
0,0,0.0,0.0
0,0,0.0,0.0
0,0,0.0,0.0
0,0,0.0,0.0
0,0,0.0,0.0
0,0,0.0,0.0
0,0,0.0,0.0
0,0,0.0,0.0
0,0,0.0,0.0
0,0,0.0,0.0
0,0,0.0,0.0
0,0,0.0,0.0
0,0,0.0,0.0
0,0,0.0,0.0
0,0,0.0,0.0
0,0,0.0,0.0
0,0,0.0,0.0
0,0,0.0,0.0
0,0,0.0,0.0
0,0,0.0,0.0
0,0,0.0,0.0
0,0,0.0,0.0
0,0,0.0,0.0
0,0,0.0,0.0
0,0,0.0,0.0
0,0,0.0,0.0
0,0,0.0,0.0
0,0,0.0,0.0
0,0,0.0,0.0
0,0,0.0,0.0
0,0,0.0,0.0
0,0,0.0,0.0
0,0,0.0,0.0
0,0,0.0,0.0
0,0,0.0,0.0
0,0,0.0,0.0
0,0,0.0,0.0
0,0,0.0,0.0
0,0,0.0,0.0
0,0,0.0,0.0
0,0,0.0,0.0
0,0,0.0,0.0
0,0,0.0,0.0
0,0,0.0,0.0
0,0,0.0,0.0
0,0,0.0,0.0
0,0,0.0,0.0
0,0,0.0,0.0
0,0,0.0,0.0
0,0,0.0,0.0
0,0,0.0,0.0
0,0,0.0,0.0
0,0,0.0,0.0
0,0,0.0,0.0
0,0,0.0,0.0
0,0,0.0,0.0
0,0,0.0,0.0
0,0,0.0,0.0
0,0,0.0,0.0
0,0,0.0,0.0
0,0,0.0,0.0
0,0,0.0,0.0
0,0,0.0,0.0
0,0,0.0,0.0
0,0,0.0,0.0
0,0,0.0,0.0
0,0,0.0,0.0
0,0,0.0,0.0
0,0,0.0,0.0
0,0,0.0,0.0
0,0,0.0,0.0
0,0,0.0,0.0
0,0,0.0,0.0
0,0,0.0,0.0
0,0,0.0,0.0
0,0,0.0,0.0
0,0,0.0,0.0
0,0,0.0,0.0
0,0,0.0,0.0
0,0,0.0,0.0
0,0,0.0,0.0
0,0,0.0,0.0
0,0,0.0,0.0
0,0,0.0,0.0
0,0,0.0,0.0
0,0,0.0,0.0
0,0,0.0,0.0
0,0,0.0,0.0
0,0,0.0,0.0
0,0,0.0,0.0
0,0,0.0,0.0
0,0,0.0,0.0
0,0,0.0,0.0
0,0,0.0,0.0
0,0,0.0,0.0
0,0,0.0,0.0
0,0,0.0,0.0
0,0,0.0,0.0
0,0,0.0,0.0
0,0,0.0,0.0
0,0,0.0,0.0
0,0,0.0,0.0
0,0,0.0,0.0
0,0,0.0,0.0
0,0,0.0,0.0
0,0,0.0,0.0
0,0,0.0,0.0
0,0,0.0,0.0
0,0,0.0,0.0
0,0,0.0,0.0
0,0,0.0,0.0
0,0,0.0,0.0
0,0,0.0,0.0
0,0,0.0,0.0
0,0,0.0,0.0
0,0,0.0,0.0
0,0,0.0,0.0
0,0,0.0,0.0
0,0,0.0,0.0
0,0,0.0,0.0
0,0,0.0,0.0
0,0,0.0,0.0
0,0,0.0,0.0
0,0,0.0,0.0
0,0,0.0,0.0
0,0,0.0,0.0
0,0,0.0,0.0
0,0,0.0,0.0
0,0,0.0,0.0
0,0,0.0,0.0
0,0,0.0,0.0
0,0,0.0,0.0
0,0,0.0,0.0
0,0,0.0,0.0
0,0,0.0,0.0
0,0,0.0,0.0
0,0,0.0,0.0
0,0,0.0,0.0
0,0,0.0,0.0
0,0,0.0,0.0
0,0,0.0,0.0
0,0,0.0,0.0
0,0,0.0,0.0
