file_name,test_id,session_id,index,_program_index,program_index,old_index,unixtime,datetime_utc,datetime_jst,rtc_year,rtc_month,rtc_day,rtc_hour,rtc_min,rtc_sec,rtc_msec,gps_hour,gps_min,gps_sec,latitude,longitude,altitude,fix_type,SIV,acc_x,acc_y,acc_z,gyro_x,gyro_y,gyro_z,mag_x,mag_y,mag_z,illuminance,atmopress,water_pressure,water_temp,depth,alt_wps,battery_level,behavior_class,camera_command,camera_recording,camera_count,play_audio,speaker_on,audio_file,prev_sd_write_time_ms,delay_occurred_counter,speed_geodesic_m_s,speed_geodesic_km_h,speed_distance_m_s,speed_distance_km_h,cum_distance_m,diff_distance_m,abs_diff_distance_m,abs_speed_diff,turning_angle
LBP05_S11,LBP05,11,0,-66,1,49700,1715805055.0,2024-05-15 20:30:55+00:00,2024-05-16 05:30:55+09:00,2024,5,15,20,30,55,0,20.0,30.0,55.0,40.611729,141.576782,19.362,3.0,9.0,-0.349365,-0.097656,0.329102,-36.987305,118.164062,-11.169434,-575.0,46.0,553.0,50.0,0.0,1018.799988,16.25,0.057477,-46.078239,3.782813,0.0,1.0,1.0,11.0,0.0,0.0,0.0,4.0,0.0,0.0,0.0,0.0,0.0,0.0,0.0,0.0,0.0,0.0
LBP05_S11,LBP05,11,1,-65,2,49725,1715805056.0,2024-05-15 20:30:56+00:00,2024-05-16 05:30:56+09:00,2024,5,15,20,30,56,0,20.0,30.0,56.0,40.611633,141.576797,19.202999,3.0,9.0,-0.703857,-0.309814,1.648682,35.095215,36.987305,-5.79834,-574.0,58.0,551.0,51.0,0.0,1019.299988,16.26,0.062432,-50.219452,3.782813,0.0,1.0,1.0,11.0,0.0,0.0,0.0,4.0,0.0,10.735767231774071,38.64876203438666,10.735767231774071,38.64876203438666,10.735767231774071,10.735767231774071,10.735767231774071,10.735767231774071,0.0
LBP05_S11,LBP05,11,2,-64,3,49750,1715805057.0,2024-05-15 20:30:57+00:00,2024-05-16 05:30:57+09:00,2024,5,15,20,30,57,0,20.0,30.0,57.0,40.611538,141.576797,19.164,3.0,9.0,-0.135498,0.092529,0.210205,9.399414,-42.724609,-11.59668,-574.0,58.0,548.0,50.0,0.0,1018.700012,16.299999,0.056486,-45.25,3.782813,0.0,1.0,1.0,11.0,0.0,0.0,0.0,4.0,0.0,10.549408744913116,37.97787148168722,10.549408744913116,37.97787148168722,21.285175976687185,-0.18635848686095535,0.18635848686095535,0.18635848686095535,8.880659145086893
LBP05_S11,LBP05,11,3,-63,4,49775,1715805058.0,2024-05-15 20:30:58+00:00,2024-05-16 05:30:58+09:00,2024,5,15,20,30,58,0,20.0,30.0,58.0,40.611443,141.576797,19.997,3.0,9.0,-0.394531,-0.269287,1.748779,19.958496,-103.33252,-2.075195,-575.0,62.0,546.0,32.0,0.0,1019.0,16.370001,0.059459,-47.735023,3.782813,0.0,1.0,1.0,11.0,0.0,0.0,0.0,5.0,0.0,10.549408573097644,37.977870863151516,10.549408573097644,37.977870863151516,31.83458454978483,-1.718154720720122e-07,1.718154720720122e-07,1.718154720720122e-07,0.0
LBP05_S11,LBP05,11,4,-62,5,49800,1715805059.0,2024-05-15 20:30:59+00:00,2024-05-16 05:30:59+09:00,2024,5,15,20,30,59,0,20.0,30.0,59.0,40.611351,141.576782,20.112,3.0,9.0,0.413818,-0.146484,0.743896,-14.038086,-21.789551,-1.159668,-573.0,63.0,546.0,55.0,0.0,1019.5,16.450001,0.064414,-51.875576,3.782813,0.0,1.0,1.0,11.0,0.0,0.0,0.0,4.0,0.0,10.294831711190717,37.06139416028658,10.294831711190717,37.06139416028658,42.129416260975546,-0.2545768619069264,0.2545768619069264,0.2545768619069264,9.260221525221063
LBP05_S11,LBP05,11,5,-61,6,49825,1715805060.0,2024-05-15 20:31:00+00:00,2024-05-16 05:31:00+09:00,2024,5,15,20,31,0,0,20.0,31.0,0.0,40.611259,141.576767,20.559,3.0,9.0,-0.08374,-0.115234,0.752441,-19.592285,114.440918,3.417969,-573.0,61.0,548.0,45.0,0.0,1018.900024,16.52,0.058468,-46.906914,3.747656,0.0,1.0,1.0,11.0,0.0,0.0,0.0,12.0,0.0,10.294831765545613,37.06139435596421,10.294831765545613,37.06139435596421,52.424248026521155,5.435489569549645e-08,5.435489569549645e-08,5.435489569549645e-08,0.0
LBP05_S11,LBP05,11,6,-60,7,49850,1715805061.0,2024-05-15 20:31:01+00:00,2024-05-16 05:31:01+09:00,2024,5,15,20,31,1,0,20.0,31.0,1.0,40.611172,141.576736,20.75,3.0,9.0,-0.226318,-0.286377,1.384277,-1.831055,100.952148,12.512207,-576.0,58.0,547.0,34.0,0.0,1019.299988,16.6,0.062432,-50.219452,3.747656,0.0,1.0,1.0,11.0,0.0,0.0,0.0,12.0,0.0,10.01090182561311,36.0392465722072,10.01090182561311,36.0392465722072,62.435149852134266,-0.28392993993250215,0.28392993993250215,0.28392993993250215,10.351872155272742
LBP05_S11,LBP05,11,7,-59,8,49875,1715805062.0,2024-05-15 20:31:02+00:00,2024-05-16 05:31:02+09:00,2024,5,15,20,31,2,0,20.0,31.0,2.0,40.61108,141.576736,20.937,3.0,9.0,-0.392822,0.205078,-0.018799,-47.119141,78.125,-22.399902,-577.0,53.0,549.0,55.0,0.0,1018.700012,16.66,0.056486,-45.25,3.747656,0.0,1.0,1.0,11.0,0.0,0.0,0.0,5.0,0.0,10.21626870674325,36.7785673442757,10.21626870674325,36.7785673442757,72.65141855887751,0.20536688113013923,0.20536688113013923,0.20536688113013923,19.612093697735943
LBP05_S11,LBP05,11,8,-58,9,49900,1715805063.0,2024-05-15 20:31:03+00:00,2024-05-16 05:31:03+09:00,2024,5,15,20,31,3,0,20.0,31.0,3.0,40.610989,141.576736,21.025999,3.0,9.0,-0.683594,-0.321777,1.668457,33.813477,19.897461,-8.300781,-574.0,61.0,546.0,50.0,0.0,1019.099976,16.719999,0.06045,-48.563061,3.747656,0.0,1.0,1.0,11.0,0.0,0.0,0.0,5.0,0.0,10.105222147352865,36.37879973047032,10.105222147352865,36.37879973047032,82.75664070623037,-0.11104655939038466,0.11104655939038466,0.11104655939038466,0.0
LBP05_S11,LBP05,11,9,-57,10,49925,1715805064.0,2024-05-15 20:31:04+00:00,2024-05-16 05:31:04+09:00,2024,5,15,20,31,4,0,20.0,31.0,4.0,40.610897,141.576736,20.955999,3.0,9.0,0.012207,-0.295166,0.352295,24.414062,-62.5,-8.666992,-576.0,59.0,547.0,53.0,0.0,1018.799988,16.77,0.057477,-46.078239,3.747656,0.0,1.0,1.0,11.0,0.0,0.0,0.0,6.0,0.0,10.216268382233215,36.778566176039575,10.216268382233215,36.778566176039575,92.97290908846358,0.11104623488034981,0.11104623488034981,0.11104623488034981,0.0
LBP05_S11,LBP05,11,10,-56,11,49950,1715805065.0,2024-05-15 20:31:05+00:00,2024-05-16 05:31:05+09:00,2024,5,15,20,31,5,0,20.0,31.0,5.0,40.610806,141.576721,20.628,3.0,9.0,-0.574219,-0.28125,1.726318,36.010742,-115.600586,-0.915527,-576.0,57.0,547.0,34.0,0.0,1019.099976,16.82,0.06045,-48.563061,3.747656,0.0,1.0,1.0,11.0,0.0,0.0,0.0,5.0,0.0,10.184642274077575,36.664712186679274,10.184642274077575,36.664712186679274,103.15755136254116,-0.031626108155640154,0.031626108155640154,0.031626108155640154,9.360190813065124
LBP05_S11,LBP05,11,11,-55,12,49975,1715805066.0,2024-05-15 20:31:06+00:00,2024-05-16 05:31:06+09:00,2024,5,15,20,31,6,0,20.0,31.0,6.0,40.610714,141.576721,20.599001,3.0,9.0,0.375,-0.172119,0.684814,-16.906738,-52.67334,12.268066,-577.0,57.0,546.0,57.0,0.0,1019.299988,16.870001,0.062432,-50.219452,3.747656,0.0,1.0,1.0,11.0,0.0,0.0,0.0,5.0,0.0,10.216268056661407,36.778565003981065,10.216268056661407,36.778565003981065,113.37381941920256,0.03162578258383242,0.03162578258383242,0.03162578258383242,9.360190813065124
LBP05_S11,LBP05,11,12,-54,13,50000,1715805067.0,2024-05-15 20:31:07+00:00,2024-05-16 05:31:07+09:00,2024,5,15,20,31,7,0,20.0,31.0,7.0,40.610615,141.576721,20.164,3.0,9.0,0.067871,-0.069824,1.407959,41.015625,-9.70459,9.277344,-576.0,59.0,548.0,43.0,0.0,1019.200012,16.92,0.061441,-49.391544,3.747656,0.0,1.0,1.0,11.0,0.0,0.0,0.0,6.0,0.0,10.9935926196361,39.57693343068996,10.9935926196361,39.57693343068996,124.36741203883867,0.7773245629746928,0.7773245629746928,0.7773245629746928,0.0
LBP05_S11,LBP05,11,13,-53,14,50025,1715805068.0,2024-05-15 20:31:08+00:00,2024-05-16 05:31:08+09:00,2024,5,15,20,31,8,0,20.0,31.0,8.0,40.610519,141.576721,19.806999,3.0,9.0,-0.051025,-0.28125,1.318359,29.47998,96.130371,-4.699707,-575.0,63.0,545.0,44.0,0.0,1019.299988,16.959999,0.062432,-50.219452,3.747656,0.0,1.0,1.0,11.0,0.0,0.0,0.0,5.0,0.0,10.660453267766407,38.377631763959066,10.660453267766407,38.377631763959066,135.02786530660507,-0.33313935186969346,0.33313935186969346,0.33313935186969346,0.0
LBP05_S11,LBP05,11,14,-52,15,50050,1715805069.0,2024-05-15 20:31:09+00:00,2024-05-16 05:31:09+09:00,2024,5,15,20,31,9,0,20.0,31.0,9.0,40.610424,141.576706,19.596001,3.0,9.0,-0.569092,0.177734,0.143311,-10.803223,116.149902,-4.516602,-574.0,62.0,548.0,37.0,0.0,1019.0,17.0,0.059459,-47.735023,3.747656,0.0,1.0,1.0,11.0,0.0,0.0,0.0,3.0,0.0,10.625508464972473,38.2518304739009,10.625508464972473,38.2518304739009,145.65337377157755,-0.03494480279393386,0.03494480279393386,0.03494480279393386,8.972626609835002
LBP05_S11,LBP05,11,15,-51,16,50075,1715805070.0,2024-05-15 20:31:10+00:00,2024-05-16 05:31:10+09:00,2024,5,15,20,31,10,0,20.0,31.0,10.0,40.610332,141.576691,19.448999,3.0,9.0,-0.908203,-0.17334,1.806641,-40.039062,-49.255371,-18.615723,-576.0,57.0,549.0,47.0,0.0,1019.700012,17.049999,0.066396,-53.531441,3.747656,0.0,1.0,1.0,11.0,0.0,0.0,0.0,8.0,0.0,10.294832294666449,37.06139626079922,10.294832294666449,37.06139626079922,155.94820606624398,-0.3306761703060239,0.3306761703060239,0.3306761703060239,0.28759491538526194
LBP05_S11,LBP05,11,16,-50,17,50100,1715805071.0,2024-05-15 20:31:11+00:00,2024-05-16 05:31:11+09:00,2024,5,15,20,31,11,0,20.0,31.0,11.0,40.610237,141.576675,19.757,3.0,9.0,0.328857,0.015137,0.523926,40.161133,-81.176758,-2.502441,-574.0,59.0,549.0,56.0,0.0,1019.099976,17.09,0.06045,-48.563061,3.747656,0.0,1.0,1.0,11.0,0.0,0.0,0.0,6.0,0.0,10.635951057185576,38.289423805868076,10.635951057185576,38.289423805868076,166.58415712342955,0.34111876251912676,0.34111876251912676,0.34111876251912676,0.299874965140563
LBP05_S11,LBP05,11,17,-49,18,50125,1715805072.0,2024-05-15 20:31:12+00:00,2024-05-16 05:31:12+09:00,2024,5,15,20,31,12,0,20.0,31.0,12.0,40.610142,141.57666,19.965,3.0,9.0,0.016357,-0.101562,1.345703,28.625488,-25.512695,-7.324219,-575.0,57.0,550.0,35.0,0.0,1018.5,17.120001,0.054504,-43.592819,3.747656,0.0,1.0,1.0,11.0,0.0,0.0,0.0,5.0,0.0,10.625508589374935,38.251830921749765,10.625508589374935,38.251830921749765,177.20966571280448,-0.010442467810641176,0.010442467810641176,0.010442467810641176,0.5874698805264268
LBP05_S11,LBP05,11,18,-48,19,50150,1715805073.0,2024-05-15 20:31:13+00:00,2024-05-16 05:31:13+09:00,2024,5,15,20,31,13,0,20.0,31.0,13.0,40.61005,141.57666,19.972,3.0,9.0,0.505859,-0.254639,0.952881,7.93457,26.672363,16.174316,-572.0,62.0,548.0,51.0,0.0,1019.400024,17.16,0.063423,-51.047798,3.747656,0.0,1.0,1.0,11.0,0.0,0.0,0.0,5.0,0.0,10.216266878702523,36.77856076332908,10.216266878702523,36.77856076332908,187.425932591507,-0.40924171067241133,0.40924171067241133,0.40924171067241133,8.972626609834963
LBP05_S11,LBP05,11,19,-47,20,50175,1715805074.0,2024-05-15 20:31:14+00:00,2024-05-16 05:31:14+09:00,2024,5,15,20,31,14,0,20.0,31.0,14.0,40.609959,141.576645,19.597,3.0,9.0,-0.227051,-0.077393,0.731445,-35.217285,122.86377,2.990723,-572.0,61.0,547.0,50.0,0.0,1018.200012,17.190001,0.051531,-41.106812,3.747656,0.0,1.0,1.0,11.0,0.0,0.0,0.0,6.0,0.0,10.184642795861702,36.66471406510213,10.184642795861702,36.66471406510213,197.6105753873687,-0.03162408284082119,0.03162408284082119,0.03162408284082119,9.360190796361392
LBP05_S11,LBP05,11,20,-46,21,50200,1715805075.0,2024-05-15 20:31:15+00:00,2024-05-16 05:31:15+09:00,2024,5,15,20,31,15,0,20.0,31.0,15.0,40.609863,141.57663,19.524,3.0,9.0,-0.710449,-0.172363,1.557861,42.419434,61.340332,0.732422,-574.0,63.0,547.0,34.0,0.0,1019.200012,17.23,0.061441,-49.391544,3.747656,0.0,1.0,1.0,11.0,0.0,0.0,0.0,5.0,0.0,10.735767939756773,38.64876458312438,10.735767939756773,38.64876458312438,208.34634332712548,0.5511251438950708,0.5511251438950708,0.5511251438950708,0.4795316353620779
LBP05_S11,LBP05,11,21,-45,22,50225,1715805076.0,2024-05-15 20:31:16+00:00,2024-05-16 05:31:16+09:00,2024,5,15,20,31,16,0,20.0,31.0,16.0,40.609772,141.576614,19.966,3.0,9.0,-0.172607,-0.183838,0.080322,-65.490723,-5.065918,-4.516602,-574.0,58.0,551.0,43.0,0.0,1018.700012,17.26,0.056486,-45.25,3.747656,0.0,1.0,1.0,11.0,0.0,0.0,0.0,5.0,0.0,10.19553712722947,36.70393365802609,10.19553712722947,36.70393365802609,218.54188045435495,-0.5402308125273034,0.5402308125273034,0.5402308125273034,1.091398519274461
LBP05_S11,LBP05,11,22,-44,23,50250,1715805077.0,2024-05-15 20:31:17+00:00,2024-05-16 05:31:17+09:00,2024,5,15,20,31,17,0,20.0,31.0,17.0,40.609676,141.576614,20.011,3.0,9.0,-0.825439,-0.324463,1.70752,-31.555176,-68.054199,-8.361816,-575.0,57.0,547.0,43.0,0.0,1019.0,17.290001,0.059459,-47.735023,3.747656,0.0,1.0,1.0,11.0,0.0,0.0,0.0,6.0,0.0,10.66045170640562,38.37762614306023,10.66045170640562,38.37762614306023,229.20233216076056,0.46491457917615087,0.46491457917615087,0.46491457917615087,9.97205768027327
LBP05_S11,LBP05,11,23,-43,24,50275,1715805078.0,2024-05-15 20:31:18+00:00,2024-05-16 05:31:18+09:00,2024,5,15,20,31,18,0,20.0,31.0,18.0,40.609585,141.576599,19.872,3.0,9.0,0.186035,-0.046875,0.380859,0.244141,-85.021973,-14.282227,-574.0,59.0,548.0,55.0,0.0,1018.900024,17.32,0.058468,-46.906914,3.747656,0.0,1.0,1.0,11.0,0.0,0.0,0.0,5.0,0.0,10.184643025870178,36.66471489313264,10.184643025870178,36.66471489313264,239.38697518663074,-0.475808680535442,0.475808680535442,0.475808680535442,9.360190813782976
LBP05_S11,LBP05,11,24,-42,25,50300,1715805079.0,2024-05-15 20:31:19+00:00,2024-05-16 05:31:19+09:00,2024,5,15,20,31,19,0,20.0,31.0,19.0,40.609486,141.576599,19.947001,3.0,9.0,-0.01709,0.016602,1.564941,41.870117,-65.063477,2.380371,-575.0,55.0,549.0,35.0,0.0,1019.0,17.35,0.059459,-47.735023,3.747656,0.0,1.0,1.0,11.0,0.0,0.0,0.0,4.0,0.0,10.993590464196185,39.57692567110627,10.993590464196185,39.57692567110627,250.38056565082692,0.8089474383260065,0.8089474383260065,0.8089474383260065,9.360190813782976
LBP05_S11,LBP05,11,25,-41,26,50325,1715805080.0,2024-05-15 20:31:20+00:00,2024-05-16 05:31:20+09:00,2024,5,15,20,31,20,0,20.0,31.0,20.0,40.609394,141.576599,19.990999,3.0,9.0,0.467529,-0.2771,0.788574,0.549316,-22.705078,10.681152,-576.0,57.0,548.0,54.0,0.0,1018.700012,17.370001,0.056486,-45.25,3.747656,0.0,1.0,1.0,11.0,0.0,0.0,0.0,3.0,0.0,10.216265714311294,36.77855657152066,10.216265714311294,36.77855657152066,260.5968313651382,-0.7773247498848903,0.7773247498848903,0.7773247498848903,0.0
LBP05_S11,LBP05,11,26,-40,27,50350,1715805081.0,2024-05-15 20:31:21+00:00,2024-05-16 05:31:21+09:00,2024,5,15,20,31,21,0,20.0,31.0,21.0,40.609299,141.576614,20.099001,3.0,9.0,-0.073242,0.010986,0.733154,-25.512695,114.501953,-4.760742,-575.0,55.0,550.0,52.0,0.0,1018.900024,17.4,0.058468,-46.906914,3.747656,0.0,1.0,1.0,11.0,0.0,0.0,0.0,5.0,0.0,10.625508961608302,38.251832261789886,10.625508961608302,38.251832261789886,271.2223403267465,0.4092432472970078,0.4092432472970078,0.4092432472970078,8.972626625899352
LBP05_S11,LBP05,11,27,-39,28,50375,1715805082.0,2024-05-15 20:31:22+00:00,2024-05-16 05:31:22+09:00,2024,5,15,20,31,22,0,20.0,31.0,22.0,40.609203,141.576614,19.929001,3.0,9.0,-0.259277,-0.490723,1.381592,16.540527,107.60498,-2.197266,-574.0,62.0,546.0,36.0,0.0,1019.0,17.43,0.059459,-47.735023,3.747656,0.0,1.0,1.0,11.0,0.0,0.0,0.0,5.0,0.0,10.660450831037839,38.37762299173622,10.660450831037839,38.37762299173622,281.88279115778437,0.034941869429536254,0.034941869429536254,0.034941869429536254,8.972626625899352
LBP05_S11,LBP05,11,28,-38,29,50400,1715805083.0,2024-05-15 20:31:23+00:00,2024-05-16 05:31:23+09:00,2024,5,15,20,31,23,0,20.0,31.0,23.0,40.609112,141.576614,19.683001,3.0,9.0,-0.156738,-0.44458,0.285156,-47.241211,-36.621094,-0.732422,-576.0,57.0,549.0,45.0,0.0,1019.299988,17.450001,0.062432,-50.219452,3.747656,0.0,1.0,1.0,11.0,0.0,0.0,0.0,5.0,0.0,10.10521885223592,36.378787868049315,10.10521885223592,36.378787868049315,291.9880100100203,-0.5552319788019187,0.5552319788019187,0.5552319788019187,0.0
LBP05_S11,LBP05,11,29,-37,30,50425,1715805084.0,2024-05-15 20:31:24+00:00,2024-05-16 05:31:24+09:00,2024,5,15,20,31,24,0,20.0,31.0,24.0,40.609016,141.57663,20.084999,3.0,9.0,-0.744385,-0.376221,1.85376,-4.577637,-138.427734,-9.521484,-578.0,56.0,544.0,38.0,0.0,1019.0,17.48,0.059459,-47.735023,3.747656,0.0,1.0,1.0,11.0,0.0,0.0,0.0,6.0,0.0,10.746104019461706,38.68597447006214,10.746104019461706,38.68597447006214,302.734114029482,0.640885167225786,0.640885167225786,0.640885167225786,9.462322200460992
LBP05_S11,LBP05,11,30,-36,31,50450,1715805085.0,2024-05-15 20:31:25+00:00,2024-05-16 05:31:25+09:00,2024,5,15,20,31,25,0,20.0,31.0,25.0,40.608921,141.57663,19.959999,3.0,9.0,0.616211,-0.20166,0.941895,-2.258301,19.897461,23.254395,-578.0,54.0,550.0,57.0,0.0,1018.599976,17.51,0.055495,-44.421192,3.747656,0.0,1.0,1.0,11.0,0.0,0.0,0.0,4.0,0.0,10.549403949484633,37.97785421814468,10.549403949484633,37.97785421814468,313.28351797896664,-0.1967000699770729,0.1967000699770729,0.1967000699770729,9.46232220046103
LBP05_S11,LBP05,11,31,-35,32,50475,1715805086.0,2024-05-15 20:31:26+00:00,2024-05-16 05:31:26+09:00,2024,5,15,20,31,26,0,20.0,31.0,26.0,40.608826,141.57663,19.532,3.0,9.0,-0.471436,0.13623,-0.015381,-42.053223,61.767578,-14.404297,-577.0,52.0,549.0,49.0,0.0,1018.700012,17.530001,0.056486,-45.25,3.747656,0.0,1.0,1.0,11.0,0.0,0.0,0.0,3.0,0.0,10.549403776967065,37.977853597081435,10.549403776967065,37.977853597081435,323.8329217559337,-1.7251756823100095e-07,1.7251756823100095e-07,1.7251756823100095e-07,0.0
LBP05_S11,LBP05,11,32,-34,33,50500,1715805087.0,2024-05-15 20:31:27+00:00,2024-05-16 05:31:27+09:00,2024,5,15,20,31,27,0,20.0,31.0,27.0,40.60873,141.57666,19.166,3.0,9.0,-0.970947,-0.349365,1.706299,2.746582,-30.883789,-5.981445,-577.0,50.0,548.0,33.0,0.0,1019.0,17.559999,0.059459,-47.735023,3.747656,0.0,1.0,1.0,11.0,0.0,0.0,0.0,5.0,0.0,10.958618160236306,39.4510253768507,10.958618160236306,39.4510253768507,334.79153991617,0.40921438326924076,0.40921438326924076,0.40921438326924076,17.35402464157355
LBP05_S11,LBP05,11,33,-33,34,50525,1715805088.0,2024-05-15 20:31:28+00:00,2024-05-16 05:31:28+09:00,2024,5,15,20,31,28,0,20.0,31.0,28.0,40.608635,141.576675,18.764999,3.0,9.0,0.236572,-0.05835,0.456299,28.076172,-83.496094,-6.469727,-576.0,54.0,551.0,54.0,0.0,1019.0,17.58,0.059459,-47.735023,3.747656,0.0,1.0,1.0,11.0,0.0,0.0,0.0,5.0,0.0,10.62550925384939,38.25183331385781,10.62550925384939,38.25183331385781,345.41704917001937,-0.33310890638691504,0.33310890638691504,0.33310890638691504,8.38139803239871
LBP05_S11,LBP05,11,34,-32,35,50550,1715805089.0,2024-05-15 20:31:29+00:00,2024-05-16 05:31:29+09:00,2024,5,15,20,31,29,0,20.0,31.0,29.0,40.608536,141.576691,18.611,3.0,9.0,0.145508,-0.21875,1.067871,-16.479492,52.55127,7.568359,-574.0,56.0,549.0,52.0,0.0,1018.700012,17.610001,0.056486,-45.25,3.747656,0.0,1.0,1.0,11.0,0.0,0.0,0.0,5.0,0.0,11.076667574180469,39.87600326704969,11.076667574180469,39.87600326704969,356.49371674419984,0.4511583203310785,0.4511583203310785,0.4511583203310785,0.2079153578436017
LBP05_S11,LBP05,11,35,-31,36,50575,1715805090.0,2024-05-15 20:31:30+00:00,2024-05-16 05:31:30+09:00,2024,5,15,20,31,30,0,20.0,31.0,30.0,40.60844,141.576706,18.635,3.0,9.0,-0.828613,-0.29248,1.541016,27.22168,70.983887,-2.01416,-577.0,58.0,545.0,54.0,0.0,1019.299988,17.629999,0.062432,-50.219452,3.747656,0.0,1.0,1.0,11.0,0.0,0.0,0.0,5.0,0.0,10.73576850582952,38.64876662098627,10.73576850582952,38.64876662098627,367.22948525002937,-0.3408990683509483,0.3408990683509483,0.3408990683509483,0.2998828219298644
LBP05_S11,LBP05,11,36,-30,37,50600,1715805091.0,2024-05-15 20:31:31+00:00,2024-05-16 05:31:31+09:00,2024,5,15,20,31,31,0,20.0,31.0,31.0,40.608345,141.576721,18.586,3.0,9.0,-0.060791,-0.193359,0.202637,-43.273926,-59.875488,-5.859375,-576.0,57.0,547.0,52.0,0.0,1019.0,17.66,0.059459,-47.735023,3.747656,0.0,1.0,1.0,11.0,0.0,0.0,0.0,6.0,0.0,10.625509382874691,38.25183377834889,10.625509382874691,38.25183377834889,377.85499463290404,-0.11025912295482954,0.11025912295482954,0.11025912295482954,0.09196746407731304
LBP05_S11,LBP05,11,37,-29,38,50625,1715805092.0,2024-05-15 20:31:32+00:00,2024-05-16 05:31:32+09:00,2024,5,15,20,31,32,0,20.0,31.0,32.0,40.608246,141.576721,18.638,3.0,9.0,0.121094,-0.005615,1.258301,35.827637,-15.258789,1.525879,-576.0,57.0,548.0,36.0,0.0,1018.599976,17.68,0.055495,-44.421192,3.747656,0.0,1.0,1.0,11.0,0.0,0.0,0.0,4.0,0.0,10.993588094635522,39.576917140687875,10.993588094635522,39.576917140687875,388.84858272753956,0.3680787117608304,0.3680787117608304,0.3680787117608304,8.972626609174839
LBP05_S11,LBP05,11,38,-28,39,50650,1715805093.0,2024-05-15 20:31:33+00:00,2024-05-16 05:31:33+09:00,2024,5,15,20,31,33,0,20.0,31.0,33.0,40.60815,141.576736,19.167,3.0,9.0,-0.496094,-0.214355,1.375,18.188477,104.614258,-0.549316,-576.0,57.0,548.0,44.0,0.0,1018.900024,17.700001,0.058468,-46.906914,3.747656,0.0,1.0,1.0,11.0,0.0,0.0,0.0,4.0,0.0,10.735768621341538,38.64876703682954,10.735768621341538,38.64876703682954,399.5843513488811,-0.25781947329398314,0.25781947329398314,0.25781947329398314,8.880659161645601
LBP05_S11,LBP05,11,39,-27,40,50675,1715805094.0,2024-05-15 20:31:34+00:00,2024-05-16 05:31:34+09:00,2024,5,15,20,31,34,0,20.0,31.0,34.0,40.608055,141.576736,19.365999,3.0,9.0,-0.148926,-0.187988,0.183838,-23.4375,-57.678223,-14.343262,-577.0,52.0,547.0,55.0,0.0,1018.400024,17.719999,0.053513,-42.764385,3.747656,0.0,1.0,1.0,11.0,0.0,0.0,0.0,6.0,0.0,10.549402363951573,37.97784851022566,10.549402363951573,37.97784851022566,410.1337537128327,-0.18636625738996493,0.18636625738996493,0.18636625738996493,8.88065916164556
LBP05_S11,LBP05,11,40,-26,41,50700,1715805095.0,2024-05-15 20:31:35+00:00,2024-05-16 05:31:35+09:00,2024,5,15,20,31,35,0,20.0,31.0,35.0,40.60796,141.576752,19.141001,3.0,9.0,-0.659668,-0.42627,1.766357,5.432129,-134.765625,-7.446289,-578.0,55.0,544.0,37.0,0.0,1018.900024,17.74,0.058468,-46.906914,3.747656,0.0,1.0,1.0,11.0,0.0,0.0,0.0,5.0,0.0,10.635952769608844,38.28942997059184,10.635952769608844,38.28942997059184,420.7697064824415,0.08655040565727035,0.08655040565727035,0.08655040565727035,9.560096473692466
LBP05_S11,LBP05,11,41,-25,42,50725,1715805096.0,2024-05-15 20:31:36+00:00,2024-05-16 05:31:36+09:00,2024,5,15,20,31,36,0,20.0,31.0,36.0,40.607864,141.576767,18.896,3.0,9.0,0.621338,-0.375488,0.994141,3.78418,22.216797,8.544922,-575.0,57.0,546.0,55.0,0.0,1019.0,17.76,0.059459,-47.735023,3.747656,0.0,1.0,1.0,11.0,0.0,0.0,0.0,5.0,0.0,10.735768735100587,38.648767446362115,10.735768735100587,38.648767446362115,431.5054752175421,0.09981596549174299,0.09981596549174299,0.09981596549174299,0.679437328605128
LBP05_S11,LBP05,11,42,-24,43,50750,1715805097.0,2024-05-15 20:31:37+00:00,2024-05-16 05:31:37+09:00,2024,5,15,20,31,37,0,20.0,31.0,37.0,40.607769,141.576782,18.804001,3.0,9.0,-0.336426,0.042969,0.230713,5.493164,120.422363,-6.286621,-576.0,55.0,548.0,35.0,0.0,1018.599976,17.780001,0.055495,-44.421192,3.747656,0.0,1.0,1.0,11.0,0.0,0.0,0.0,5.0,0.0,10.625509637732339,38.25183469583642,10.625509637732339,38.25183469583642,442.13098485527445,-0.1102590973682478,0.1102590973682478,0.1102590973682478,0.09196748080503428
LBP05_S11,LBP05,11,43,-23,44,50775,1715805098.0,2024-05-15 20:31:38+00:00,2024-05-16 05:31:38+09:00,2024,5,15,20,31,38,0,20.0,31.0,38.0,40.60767,141.576797,18.778,3.0,8.0,-0.839844,-0.228516,1.708252,18.310547,25.085449,8.972168,-580.0,56.0,547.0,47.0,0.0,1019.200012,17.799999,0.061441,-49.391544,3.747656,0.0,1.0,1.0,11.0,0.0,0.0,0.0,6.0,0.0,11.066640662786403,39.83990638603105,11.066640662786403,39.83990638603105,453.1976255180609,0.4411310250540641,0.4411310250540641,0.4411310250540641,0.3569784469718559
LBP05_S11,LBP05,11,44,-22,45,50800,1715805099.0,2024-05-15 20:31:39+00:00,2024-05-16 05:31:39+09:00,2024,5,15,20,31,39,0,20.0,31.0,39.0,40.607574,141.576813,18.368,3.0,9.0,0.018555,-0.187012,0.295654,5.187988,-77.270508,-8.361816,-575.0,60.0,545.0,55.0,0.0,1018.799988,17.82,0.057477,-46.078239,3.747656,0.0,1.0,1.0,11.0,0.0,0.0,0.0,5.0,0.0,10.746105036134786,38.68597813008523,10.746105036134786,38.68597813008523,463.94373055419567,-0.3205356266516173,0.3205356266516173,0.3205356266516173,0.8466740222227489
LBP05_S11,LBP05,11,45,-21,46,50825,1715805100.0,2024-05-15 20:31:40+00:00,2024-05-16 05:31:40+09:00,2024,5,15,20,31,40,0,20.0,31.0,40.0,40.607475,141.576813,17.854,3.0,9.0,0.065186,0.016357,0.958008,3.051758,43.823242,-1.281738,-574.0,59.0,548.0,41.0,0.0,1019.0,17.84,0.059459,-47.735023,3.747656,0.0,1.0,1.0,11.0,0.0,0.0,0.0,5.0,0.0,10.99358662257076,39.576911841254734,10.99358662257076,39.576911841254734,474.93731717676644,0.24748158643597407,0.24748158643597407,0.24748158643597407,9.462322201148762
LBP05_S11,LBP05,11,46,-20,47,50850,1715805101.0,2024-05-15 20:31:41+00:00,2024-05-16 05:31:41+09:00,2024,5,15,20,31,41,0,20.0,31.0,41.0,40.60738,141.576813,17.945,3.0,8.0,-0.77124,-0.392578,1.610352,42.785645,80.566406,15.258789,-576.0,58.0,546.0,37.0,0.0,1019.0,17.85,0.059459,-47.735023,3.747656,0.0,1.0,1.0,11.0,0.0,0.0,0.0,6.0,0.0,10.549401126542321,37.97784405555236,10.549401126542321,37.97784405555236,485.48671830330875,-0.4441854960284388,0.4441854960284388,0.4441854960284388,0.0
LBP05_S11,LBP05,11,47,-19,48,50875,1715805102.0,2024-05-15 20:31:42+00:00,2024-05-16 05:31:42+09:00,2024,5,15,20,31,42,0,20.0,31.0,42.0,40.607281,141.576828,17.92,3.0,9.0,-0.031006,-0.166992,0.320068,-27.34375,-53.894043,-3.723145,-577.0,56.0,546.0,56.0,0.0,1019.0,17.870001,0.059459,-47.735023,3.747656,0.0,1.0,1.0,11.0,0.0,0.0,0.0,5.0,0.0,11.066640768676985,39.839906767237146,11.066640768676985,39.839906767237146,496.5533590719857,0.5172396421346637,0.5172396421346637,0.5172396421346637,8.6156481950058
LBP05_S11,LBP05,11,48,-18,49,50900,1715805103.0,2024-05-15 20:31:43+00:00,2024-05-16 05:31:43+09:00,2024,5,15,20,31,43,0,20.0,31.0,43.0,40.607185,141.576828,17.743,3.0,8.0,0.002441,-0.014893,1.498291,40.83252,-61.584473,-11.901855,-576.0,55.0,547.0,37.0,0.0,1018.900024,17.889999,0.058468,-46.906914,3.747656,0.0,1.0,1.0,11.0,0.0,0.0,0.0,5.0,0.0,10.660447093498025,38.37760953659289,10.660447093498025,38.37760953659289,507.21380616548373,-0.4061936751789599,0.4061936751789599,0.4061936751789599,8.6156481950058
LBP05_S11,LBP05,11,49,-17,50,50925,1715805104.0,2024-05-15 20:31:44+00:00,2024-05-16 05:31:44+09:00,2024,5,15,20,31,44,0,20.0,31.0,44.0,40.60709,141.576843,17.778,3.0,8.0,-0.144531,-0.18335,1.344238,43.945312,107.299805,15.014648,-573.0,59.0,550.0,56.0,0.0,1019.0,17.91,0.059459,-47.735023,3.747656,0.0,1.0,1.0,11.0,0.0,0.0,0.0,6.0,0.0,10.625509937002883,38.25183577321038,10.625509937002883,38.25183577321038,517.8393161024866,-0.03493715649514151,0.03493715649514151,0.03493715649514151,8.972626609174798
LBP05_S11,LBP05,11,50,-16,51,50950,1715805105.0,2024-05-15 20:31:45+00:00,2024-05-16 05:31:45+09:00,2024,5,15,20,31,45,0,20.0,31.0,45.0,40.606995,141.576843,16.965,3.0,8.0,-0.063477,-0.022461,0.250977,-27.160645,-64.086914,-3.479004,-575.0,55.0,546.0,54.0,0.0,1018.799988,17.93,0.057477,-46.078239,3.747656,0.0,1.0,1.0,11.0,0.0,0.0,0.0,5.0,0.0,10.549400420696633,37.97784151450788,10.549400420696633,37.97784151450788,528.3887165231832,-0.07610951630624996,0.07610951630624996,0.07610951630624996,8.972626609174839
LBP05_S11,LBP05,11,51,-15,52,50975,1715805106.0,2024-05-15 20:31:46+00:00,2024-05-16 05:31:46+09:00,2024,5,15,20,31,46,0,20.0,31.0,46.0,40.606895,141.576859,17.058001,3.0,8.0,-0.116455,-0.141602,1.542236,35.461426,-74.829102,-1.525879,-577.0,56.0,544.0,36.0,0.0,1018.700012,17.940001,0.056486,-45.25,3.747656,0.0,1.0,1.0,11.0,0.0,0.0,0.0,5.0,0.0,11.18689014100083,40.27280450760299,11.18689014100083,40.27280450760299,539.5756066641841,0.6374897203041971,0.6374897203041971,0.6374897203041971,9.090276930349088
LBP05_S11,LBP05,11,52,-14,53,51000,1715805107.0,2024-05-15 20:31:47+00:00,2024-05-16 05:31:47+09:00,2024,5,15,20,31,47,0,20.0,31.0,47.0,40.6068,141.576859,16.855,3.0,8.0,0.165039,-0.277344,1.256836,34.118652,88.439941,14.404297,-575.0,59.0,547.0,52.0,0.0,1018.799988,17.969999,0.057477,-46.078239,3.747656,0.0,1.0,1.0,11.0,0.0,0.0,0.0,5.0,0.0,10.549400064126267,37.97784023085456,10.549400064126267,37.97784023085456,550.1250067283104,-0.6374900768745633,0.6374900768745633,0.6374900768745633,9.090276930349088
LBP05_S11,LBP05,11,53,-13,54,51025,1715805108.0,2024-05-15 20:31:48+00:00,2024-05-16 05:31:48+09:00,2024,5,15,20,31,48,0,20.0,31.0,48.0,40.606705,141.576874,16.976999,3.0,8.0,-0.039307,-0.438232,-0.010254,-130.92041,-18.920898,-0.366211,-576.0,62.0,545.0,58.0,0.0,1018.799988,17.98,0.057477,-46.078239,3.747656,0.0,1.0,1.0,11.0,0.0,0.0,0.0,6.0,0.0,10.625510107237734,38.25183638605584,10.625510107237734,38.25183638605584,560.7505168355481,0.0761100431114663,0.0761100431114663,0.0761100431114663,8.972626609174839
LBP05_S11,LBP05,11,54,-12,55,51050,1715805109.0,2024-05-15 20:31:49+00:00,2024-05-16 05:31:49+09:00,2024,5,15,20,31,49,0,20.0,31.0,49.0,40.606613,141.576874,16.635,3.0,8.0,-0.856934,-0.447998,1.743408,-31.860352,-82.702637,-9.521484,-577.0,59.0,547.0,36.0,0.0,1019.0,18.0,0.059459,-47.735023,3.747656,0.0,1.0,1.0,11.0,0.0,0.0,0.0,5.0,0.0,10.216260779790414,36.77853880724549,10.216260779790414,36.77853880724549,570.9667776153385,-0.4092493274473199,0.4092493274473199,0.4092493274473199,8.972626609174798
LBP05_S11,LBP05,11,55,-11,56,51075,1715805110.0,2024-05-15 20:31:50+00:00,2024-05-16 05:31:50+09:00,2024,5,15,20,31,50,0,20.0,31.0,50.0,40.606518,141.576859,16.238001,3.0,8.0,0.146729,-0.032959,0.34375,21.30127,-70.129395,-5.67627,-573.0,65.0,544.0,55.0,0.0,1019.099976,18.02,0.06045,-48.563061,3.747656,0.0,1.0,1.0,11.0,0.0,0.0,0.0,5.0,0.0,10.625510187609496,38.25183667539419,10.625510187609496,38.25183667539419,581.592287802948,0.4092494078190825,0.4092494078190825,0.4092494078190825,8.972626609174798
LBP05_S11,LBP05,11,56,-10,57,51100,1715805111.0,2024-05-15 20:31:51+00:00,2024-05-16 05:31:51+09:00,2024,5,15,20,31,51,0,20.0,31.0,51.0,40.60643,141.576859,16.239,3.0,8.0,0.005371,-0.197266,1.348389,37.353516,-23.681641,3.540039,-572.0,63.0,548.0,35.0,0.0,1018.900024,18.030001,0.058468,-46.906914,3.747656,0.0,1.0,1.0,11.0,0.0,0.0,0.0,6.0,0.0,9.772075215366693,35.17947077532009,9.772075215366693,35.17947077532009,591.3643630183147,-0.8534349722428036,0.8534349722428036,0.8534349722428036,8.972626609174798
LBP05_S11,LBP05,11,57,-9,58,51125,1715805112.0,2024-05-15 20:31:52+00:00,2024-05-16 05:31:52+09:00,2024,5,15,20,31,52,0,20.0,31.0,52.0,40.606339,141.576843,16.080999,3.0,8.0,-0.205078,-0.183594,1.424561,24.963379,107.788086,16.540527,-572.0,64.0,546.0,55.0,0.0,1019.0,18.049999,0.059459,-47.735023,3.747656,0.0,1.0,1.0,11.0,0.0,0.0,0.0,5.0,0.0,10.195540357470339,36.70394528689322,10.195540357470339,36.70394528689322,601.5599033757851,0.4234651421036464,0.4234651421036464,0.4234651421036464,9.972057696868596
LBP05_S11,LBP05,11,58,-8,59,51150,1715805113.0,2024-05-15 20:31:53+00:00,2024-05-16 05:31:53+09:00,2024,5,15,20,31,53,0,20.0,31.0,53.0,40.606247,141.576813,15.384,3.0,8.0,-0.185059,-0.08252,-0.003174,-87.280273,8.422852,-19.53125,-571.0,65.0,546.0,55.0,0.0,1019.299988,18.059999,0.062432,-50.219452,3.747656,0.0,1.0,1.0,11.0,0.0,0.0,0.0,5.0,0.0,10.527039817524308,37.89734334308751,10.527039817524308,37.89734334308751,612.0869431933094,0.33149946005396913,0.33149946005396913,0.33149946005396913,8.088414245591075
LBP05_S11,LBP05,11,59,-7,60,51175,1715805114.0,2024-05-15 20:31:54+00:00,2024-05-16 05:31:54+09:00,2024,5,15,20,31,54,0,20.0,31.0,54.0,40.606159,141.576782,15.298,3.0,8.0,-0.594482,-0.368408,1.752197,-13.85498,-124.572754,-5.67627,-573.0,62.0,545.0,35.0,0.0,1019.299988,18.08,0.062432,-50.219452,3.747656,0.0,1.0,1.0,11.0,0.0,0.0,0.0,6.0,0.0,10.118151793957951,36.425346458248626,10.118151793957951,36.425346458248626,622.2050949872673,-0.408888023566357,0.408888023566357,0.408888023566357,1.345498798072246
LBP05_S11,LBP05,11,60,-6,61,51200,1715805115.0,2024-05-15 20:31:55+00:00,2024-05-16 05:31:55+09:00,2024,5,15,20,31,55,0,20.0,31.0,55.0,40.606068,141.576752,15.193,3.0,8.0,0.193115,-0.333496,1.300781,-1.831055,90.393066,7.202148,-573.0,66.0,544.0,48.0,0.0,1019.299988,18.1,0.062432,-50.219452,3.747656,0.0,1.0,1.0,11.0,0.0,0.0,0.0,5.0,0.0,10.419307598187256,37.50950735347412,10.419307598187256,37.50950735347412,632.6244025854546,0.301155804229305,0.301155804229305,0.301155804229305,1.1601162071003763
LBP05_S11,LBP05,11,61,-5,62,51225,1715805116.0,2024-05-15 20:31:56+00:00,2024-05-16 05:31:56+09:00,2024,5,15,20,31,56,0,20.0,31.0,56.0,40.605976,141.576721,15.71,3.0,8.0,-0.344238,0.003418,0.029297,-81.970215,25.512695,0.305176,-571.0,58.0,551.0,58.0,0.0,1019.099976,18.110001,0.06045,-48.563061,3.747656,0.0,1.0,1.0,11.0,0.0,0.0,0.0,4.0,0.0,10.547774602960095,37.97198857065634,10.547774602960095,37.97198857065634,643.1721771884147,0.12846700477283868,0.12846700477283868,0.12846700477283868,0.37572483655668854
LBP05_S11,LBP05,11,62,-4,63,51250,1715805117.0,2024-05-15 20:31:57+00:00,2024-05-16 05:31:57+09:00,2024,5,15,20,31,57,0,20.0,31.0,57.0,40.605885,141.576706,16.444,3.0,7.0,-0.81665,-0.37207,1.708496,1.098633,-59.448242,-0.610352,-573.0,58.0,549.0,43.0,0.0,1019.0,18.129999,0.059459,-47.735023,3.747656,0.0,1.0,1.0,11.0,0.0,0.0,0.0,3.0,0.0,10.184645308222475,36.664723109600914,10.184645308222475,36.664723109600914,653.3568224966372,-0.3631292947376199,0.3631292947376199,0.3631292947376199,9.261388573625043
LBP05_S11,LBP05,11,63,-3,64,51275,1715805118.0,2024-05-15 20:31:58+00:00,2024-05-16 05:31:58+09:00,2024,5,15,20,31,58,0,20.0,31.0,58.0,40.605793,141.576706,16.118,3.0,7.0,0.098633,-0.104248,0.405518,0.732422,-69.580078,0.061035,-572.0,61.0,548.0,54.0,0.0,1019.299988,18.15,0.062432,-50.219452,3.747656,0.0,1.0,1.0,11.0,0.0,0.0,0.0,5.0,0.0,10.216259324754766,36.77853356911716,10.216259324754766,36.77853356911716,663.573081821392,0.031614016532291345,0.031614016532291345,0.031614016532291345,9.360190796361392
LBP05_S11,LBP05,11,64,-2,65,51300,1715805119.0,2024-05-15 20:31:59+00:00,2024-05-16 05:31:59+09:00,2024,5,15,20,31,59,0,20.0,31.0,59.0,40.605698,141.576706,15.612,3.0,8.0,0.055664,-0.138428,1.216309,0.183105,38.452148,-1.953125,-571.0,68.0,540.0,42.0,0.0,1018.799988,18.16,0.057477,-46.078239,3.747656,0.0,1.0,1.0,11.0,0.0,0.0,0.0,5.0,0.0,10.549398044690767,37.97783296088676,10.549398044690767,37.97783296088676,674.1224798660827,0.3331387199360005,0.3331387199360005,0.3331387199360005,0.0
LBP05_S11,LBP05,11,65,-1,66,51325,1715805120.0,2024-05-15 20:32:00+00:00,2024-05-16 05:32:00+09:00,2024,5,15,20,32,0,0,20.0,32.0,0.0,40.60561,141.576675,15.935,3.0,8.0,-0.328613,-0.394287,1.45166,12.390137,126.098633,-13.549805,-571.0,64.0,546.0,49.0,0.0,1018.900024,18.18,0.058468,-46.906914,3.698437,0.0,1.0,1.0,11.0,1.0,0.0,2.0,18.0,0.0,10.118156460543695,36.4253632579573,10.118156460543695,36.4253632579573,684.2406363266264,-0.43124158414707203,0.43124158414707203,0.43124158414707203,19.405970758444056
LBP05_S11,LBP05,11,66,0,67,51350,1715805121.0,2024-05-15 20:32:01+00:00,2024-05-16 05:32:01+09:00,2024,5,15,20,32,1,0,20.0,32.0,1.0,40.605522,141.576645,15.617,3.0,8.0,-0.105469,-0.252686,0.099121,-85.81543,-29.907227,0.061035,-573.0,57.0,546.0,60.0,0.0,1019.099976,18.190001,0.06045,-48.563061,3.698437,0.0,1.0,1.0,11.0,0.0,1.0,0.0,11.0,0.0,10.09654197424355,36.34755110727678,10.09654197424355,36.34755110727678,694.3371783008699,-0.02161448630014462,0.02161448630014462,0.02161448630014462,0.5812607508478645
LBP05_S11,LBP05,11,67,1,68,51375,1715805122.0,2024-05-15 20:32:02+00:00,2024-05-16 05:32:02+09:00,2024,5,15,20,32,2,0,20.0,32.0,2.0,40.605434,141.57663,15.838,3.0,8.0,-0.785889,-0.380371,1.700684,-17.51709,-62.194824,-4.211426,-569.0,53.0,550.0,31.0,0.0,1019.299988,18.200001,0.062432,-50.219452,3.698437,0.0,1.0,1.0,11.0,0.0,1.0,0.0,4.0,0.0,9.854192468044019,35.47509288495847,9.854192468044019,35.47509288495847,704.191370768914,-0.2423495061995311,0.2423495061995311,0.2423495061995311,9.151354562982798
LBP05_S11,LBP05,11,68,2,69,51400,1715805123.0,2024-05-15 20:32:03+00:00,2024-05-16 05:32:03+09:00,2024,5,15,20,32,3,0,20.0,32.0,3.0,40.605343,141.57663,15.568,3.0,8.0,0.133789,-0.193848,0.401367,9.155273,-72.631836,-18.554688,-556.0,57.0,539.0,54.0,0.0,1018.900024,18.219999,0.058468,-46.906914,3.698437,0.0,1.0,1.0,11.0,0.0,1.0,0.0,4.0,0.0,10.105212237361696,36.378764054502106,10.105212237361696,36.378764054502106,714.2965830062757,0.25101976931767744,0.25101976931767744,0.25101976931767744,9.673355444613236
LBP05_S11,LBP05,11,69,3,70,51425,1715805124.0,2024-05-15 20:32:04+00:00,2024-05-16 05:32:04+09:00,2024,5,15,20,32,4,0,20.0,32.0,4.0,40.605247,141.57663,15.152,3.0,8.0,-0.254639,-0.288086,1.680176,25.268555,-84.960938,9.94873,-583.0,63.0,547.0,37.0,0.0,1019.299988,18.24,0.062432,-50.219452,3.698437,0.0,1.0,1.0,11.0,0.0,1.0,0.0,6.0,0.0,10.660443506768782,38.37759662436762,10.660443506768782,38.37759662436762,724.9570265130444,0.555231269407086,0.555231269407086,0.555231269407086,0.0
LBP05_S11,LBP05,11,70,4,71,51450,1715805125.0,2024-05-15 20:32:05+00:00,2024-05-16 05:32:05+09:00,2024,5,15,20,32,5,0,20.0,32.0,5.0,40.605152,141.576614,13.709,3.0,8.0,0.259033,-0.19165,1.201172,26.428223,64.758301,3.78418,-580.0,60.0,542.0,57.0,0.0,1019.599976,18.25,0.065405,-52.703289,3.698437,0.0,1.0,1.0,11.0,0.0,1.0,0.0,4.0,0.0,10.63595488124089,38.28943757246721,10.63595488124089,38.28943757246721,735.5929813942853,-0.024488625527892438,0.024488625527892438,0.024488625527892438,9.560096473692466
LBP05_S11,LBP05,11,71,5,72,51475,1715805126.0,2024-05-15 20:32:06+00:00,2024-05-16 05:32:06+09:00,2024,5,15,20,32,6,0,20.0,32.0,6.0,40.605057,141.576599,13.649,3.0,8.0,-0.558105,0.192139,0.146729,-22.521973,99.487305,-4.150391,-573.0,59.0,548.0,45.0,0.0,1018.799988,18.27,0.057477,-46.078239,3.698437,0.0,1.0,1.0,11.0,0.0,0.0,0.0,4.0,0.0,10.625510835168418,38.2518390066063,10.625510835168418,38.2518390066063,746.2184922294537,-0.010444046072471735,0.010444046072471735,0.010444046072471735,0.5874698471329568
LBP05_S11,LBP05,11,72,6,73,51500,1715805127.0,2024-05-15 20:32:07+00:00,2024-05-16 05:32:07+09:00,2024,5,15,20,32,7,0,20.0,32.0,7.0,40.604958,141.576584,13.547,3.0,8.0,-0.787109,-0.265625,1.704102,-24.780273,-62.927246,-9.094238,-574.0,59.0,548.0,36.0,0.0,1019.099976,18.290001,0.06045,-48.563061,3.698437,0.0,1.0,1.0,11.0,0.0,0.0,0.0,6.0,0.0,11.066641403659712,39.839909053174964,11.066641403659712,39.839909053174964,757.2851336331133,0.4411305684912943,0.4411305684912943,0.4411305684912943,0.35697844763140757
LBP05_S11,LBP05,11,73,7,74,51525,1715805128.0,2024-05-15 20:32:08+00:00,2024-05-16 05:32:08+09:00,2024,5,15,20,32,8,0,20.0,32.0,8.0,40.604866,141.576584,14.265,3.0,8.0,0.185303,-0.101318,0.366699,-44.555664,-86.303711,4.02832,-573.0,60.0,546.0,58.0,0.0,1018.900024,18.32,0.058468,-46.906914,3.698437,0.0,1.0,1.0,11.0,0.0,0.0,0.0,4.0,0.0,10.216257679570445,36.778527646453604,10.216257679570445,36.778527646453604,767.5013913126837,-0.8503837240892675,0.8503837240892675,0.8503837240892675,8.61564817892602
LBP05_S11,LBP05,11,74,8,75,51550,1715805129.0,2024-05-15 20:32:09+00:00,2024-05-16 05:32:09+09:00,2024,5,15,20,32,9,0,20.0,32.0,9.0,40.604771,141.576584,15.146,3.0,8.0,-0.065186,-0.087891,1.42041,28.137207,-67.016602,8.850098,-573.0,59.0,549.0,44.0,0.0,1018.700012,18.33,0.056486,-45.25,3.698437,0.0,1.0,1.0,11.0,0.0,0.0,0.0,4.0,0.0,10.549396347347658,37.97782685045157,10.549396347347658,37.97782685045157,778.0507876600313,0.333138667777213,0.333138667777213,0.333138667777213,0.0
LBP05_S11,LBP05,11,75,9,76,51575,1715805130.0,2024-05-15 20:32:10+00:00,2024-05-16 05:32:10+09:00,2024,5,15,20,32,10,0,20.0,32.0,10.0,40.604679,141.576569,14.904,3.0,8.0,0.28833,-0.290771,1.210693,24.169922,80.444336,13.183594,-573.0,60.0,547.0,41.0,0.0,1019.400024,18.35,0.063423,-51.047798,3.698437,0.0,1.0,1.0,11.0,0.0,0.0,0.0,4.0,0.0,10.294835531111822,37.06140791200256,10.294835531111822,37.06140791200256,788.3456231911432,-0.25456081623583593,0.25456081623583593,0.25456081623583593,9.260221525221063
LBP05_S11,LBP05,11,76,10,77,51600,1715805131.0,2024-05-15 20:32:11+00:00,2024-05-16 05:32:11+09:00,2024,5,15,20,32,11,0,20.0,32.0,11.0,40.604588,141.576569,14.899,3.0,8.0,-0.470703,0.161621,0.085205,-30.517578,105.712891,-12.817383,-572.0,59.0,549.0,39.0,0.0,1019.200012,18.370001,0.061441,-49.391544,3.698437,0.0,1.0,1.0,11.0,0.0,0.0,0.0,5.0,0.0,10.105210911145198,36.378759280122715,10.105210911145198,36.378759280122715,798.4508341022884,-0.18962461996662405,0.18962461996662405,0.18962461996662405,9.260221525221102
LBP05_S11,LBP05,11,77,11,78,51625,1715805132.0,2024-05-15 20:32:12+00:00,2024-05-16 05:32:12+09:00,2024,5,15,20,32,12,0,20.0,32.0,12.0,40.604492,141.576569,14.955,3.0,8.0,-1.065918,-0.234619,1.751953,8.178711,-26.428223,-5.859375,-574.0,59.0,546.0,44.0,0.0,1019.400024,18.379999,0.063423,-51.047798,3.698437,0.0,1.0,1.0,11.0,0.0,0.0,0.0,4.0,0.0,10.660442107869779,38.37759158833121,10.660442107869779,38.37759158833121,809.1112762101582,0.5552311967245807,0.5552311967245807,0.5552311967245807,0.0
LBP05_S11,LBP05,11,78,12,79,51650,1715805133.0,2024-05-15 20:32:13+00:00,2024-05-16 05:32:13+09:00,2024,5,15,20,32,13,0,20.0,32.0,13.0,40.604397,141.576569,15.586,3.0,8.0,0.425049,0.040039,0.643311,4.02832,-59.875488,32.958984,-576.0,54.0,546.0,58.0,0.0,1019.299988,18.4,0.062432,-50.219452,3.698437,0.0,1.0,1.0,11.0,0.0,0.0,0.0,4.0,0.0,10.549395660238346,37.977824376858045,10.549395660238346,37.977824376858045,819.6606718703965,-0.11104644763143234,0.11104644763143234,0.11104644763143234,0.0
LBP05_S11,LBP05,11,79,13,80,51675,1715805134.0,2024-05-15 20:32:14+00:00,2024-05-16 05:32:14+09:00,2024,5,15,20,32,14,0,20.0,32.0,14.0,40.604305,141.576584,16.040001,3.0,8.0,0.112305,0.079102,1.057373,18.005371,59.204102,-0.732422,-577.0,55.0,545.0,41.0,0.0,1018.400024,18.42,0.053513,-42.764385,3.698437,0.0,1.0,1.0,11.0,0.0,0.0,0.0,5.0,0.0,10.294835744604672,37.06140868057682,10.294835744604672,37.06140868057682,829.9555076150012,-0.2545599156336742,0.2545599156336742,0.2545599156336742,9.260221525221063
LBP05_S11,LBP05,11,80,14,81,51700,1715805135.0,2024-05-15 20:32:15+00:00,2024-05-16 05:32:15+09:00,2024,5,15,20,32,15,0,20.0,32.0,15.0,40.604218,141.576599,15.975,3.0,8.0,-0.246094,-0.151123,1.353516,16.479492,117.06543,24.963379,-576.0,54.0,548.0,41.0,0.0,1019.099976,18.43,0.06045,-48.563061,3.698437,0.0,1.0,1.0,11.0,0.0,0.0,0.0,4.0,0.0,9.744083046732456,35.07869896823684,9.744083046732456,35.07869896823684,839.6995906617337,-0.5507526978722161,0.5507526978722161,0.5507526978722161,0.5221855012578386
LBP05_S11,LBP05,11,81,15,82,51725,1715805136.0,2024-05-15 20:32:16+00:00,2024-05-16 05:32:16+09:00,2024,5,15,20,32,16,0,20.0,32.0,16.0,40.604122,141.576614,15.731,3.0,8.0,-0.509766,0.13208,0.118896,-31.37207,107.788086,-14.404297,-575.0,50.0,549.0,54.0,0.0,1018.700012,18.450001,0.056486,-45.25,3.698437,0.0,1.0,1.0,11.0,0.0,0.0,0.0,4.0,0.0,10.735770229814321,38.648772827331555,10.735770229814321,38.648772827331555,850.435360891548,0.991687183081865,0.991687183081865,0.991687183081865,0.9017478654807843
LBP05_S11,LBP05,11,82,16,83,51750,1715805137.0,2024-05-15 20:32:17+00:00,2024-05-16 05:32:17+09:00,2024,5,15,20,32,17,0,20.0,32.0,17.0,40.604031,141.576645,15.654,3.0,8.0,-0.884766,-0.420166,1.814697,29.47998,-100.463867,-11.108398,-579.0,48.0,546.0,37.0,0.0,1018.799988,18.459999,0.057477,-46.078239,3.698437,0.0,1.0,1.0,11.0,0.0,0.0,0.0,5.0,0.0,10.440270823565925,37.58497496483733,10.440270823565925,37.58497496483733,860.875631715114,-0.2954994062483962,0.2954994062483962,0.2954994062483962,9.931230145925259
LBP05_S11,LBP05,11,83,17,84,51775,1715805138.0,2024-05-15 20:32:18+00:00,2024-05-16 05:32:18+09:00,2024,5,15,20,32,18,0,20.0,32.0,18.0,40.603935,141.576691,15.92,3.0,8.0,-0.002197,-0.258057,0.307129,-31.494141,-56.152344,-1.342773,-577.0,46.0,547.0,49.0,0.0,1018.799988,18.48,0.057477,-46.078239,3.698437,0.0,1.0,1.0,11.0,0.0,0.0,0.0,4.0,0.0,11.349128235933406,40.85686164936026,11.349128235933406,40.85686164936026,872.2247599510474,0.9088574123674817,0.9088574123674817,0.9088574123674817,6.79029824351162
LBP05_S11,LBP05,11,84,18,85,51800,1715805139.0,2024-05-15 20:32:19+00:00,2024-05-16 05:32:19+09:00,2024,5,15,20,32,19,0,20.0,32.0,19.0,40.603844,141.576736,15.531,3.0,8.0,-0.742188,-0.374023,1.633789,4.02832,45.227051,-0.610352,-577.0,46.0,549.0,43.0,0.0,1019.299988,18.49,0.062432,-50.219452,3.698437,0.0,1.0,1.0,11.0,0.0,0.0,0.0,3.0,0.0,10.79912690858668,38.87685687091205,10.79912690858668,38.87685687091205,883.0238868596341,-0.5500013273467257,0.5500013273467257,0.5500013273467257,0.7104609449848088
LBP05_S11,LBP05,11,85,19,86,51825,1715805140.0,2024-05-15 20:32:20+00:00,2024-05-16 05:32:20+09:00,2024,5,15,20,32,20,0,20.0,32.0,20.0,40.603752,141.576782,14.988,3.0,8.0,-0.225342,-0.128418,0.169922,-27.160645,6.713867,-11.962891,-575.0,54.0,548.0,52.0,0.0,1019.200012,18.51,0.061441,-49.391544,3.698437,0.0,1.0,1.0,11.0,0.0,0.0,0.0,4.0,0.0,10.93296263493122,39.3586654857524,10.93296263493122,39.3586654857524,893.9568494945653,0.13383572634453955,0.13383572634453955,0.13383572634453955,0.2524026798903452
LBP05_S11,LBP05,11,86,20,87,51850,1715805141.0,2024-05-15 20:32:21+00:00,2024-05-16 05:32:21+09:00,2024,5,15,20,32,21,0,20.0,32.0,21.0,40.603657,141.576828,15.012,3.0,8.0,-0.917725,-0.334961,1.770264,7.751465,-42.236328,-9.643555,-576.0,57.0,546.0,40.0,0.0,1019.0,18.52,0.059459,-47.735023,3.698437,0.0,1.0,1.0,11.0,0.0,0.0,0.0,5.0,0.0,11.24489011940475,40.48160442985711,11.24489011940475,40.48160442985711,905.2017396139701,0.31192748447353047,0.31192748447353047,0.31192748447353047,0.7282969529145251
LBP05_S11,LBP05,11,87,21,88,51875,1715805142.0,2024-05-15 20:32:22+00:00,2024-05-16 05:32:22+09:00,2024,5,15,20,32,22,0,20.0,32.0,22.0,40.603558,141.576859,14.965,3.0,8.0,-0.007324,-0.034668,0.298584,39.0625,-79.223633,-21.606445,-575.0,60.0,545.0,56.0,0.0,1018.700012,18.530001,0.056486,-45.25,3.698437,0.0,1.0,1.0,11.0,0.0,0.0,0.0,4.0,0.0,11.302338946996718,40.68842020918819,11.302338946996718,40.68842020918819,916.5040785609668,0.057448827591967344,0.057448827591967344,0.057448827591967344,8.449782041581853
LBP05_S11,LBP05,11,88,22,89,51900,1715805143.0,2024-05-15 20:32:23+00:00,2024-05-16 05:32:23+09:00,2024,5,15,20,32,23,0,20.0,32.0,23.0,40.603458,141.576874,14.899,3.0,8.0,-0.512451,-0.456787,1.881104,14.160156,-124.023438,-2.01416,-577.0,58.0,544.0,40.0,0.0,1019.0,18.540001,0.059459,-47.735023,3.698437,0.0,1.0,1.0,11.0,0.0,0.0,0.0,4.0,0.0,11.176962189995509,40.23706388398383,11.176962189995509,40.23706388398383,927.6810407509623,-0.12537675700120943,0.12537675700120943,0.12537675700120943,8.856206575840634
LBP05_S11,LBP05,11,89,23,90,51925,1715805144.0,2024-05-15 20:32:24+00:00,2024-05-16 05:32:24+09:00,2024,5,15,20,32,24,0,20.0,32.0,24.0,40.603363,141.576889,15.203,3.0,8.0,0.575928,-0.236572,0.815918,-8.056641,0.244141,-0.12207,-575.0,60.0,543.0,46.0,0.0,1019.599976,18.549999,0.065405,-52.703289,3.698437,0.0,1.0,1.0,11.0,0.0,0.0,0.0,4.0,0.0,10.625511582161861,38.2518416957827,10.625511582161861,38.2518416957827,938.3065523331242,-0.5514506078336474,0.5514506078336474,0.5514506078336474,0.44186100420381136
LBP05_S11,LBP05,11,90,24,91,51950,1715805145.0,2024-05-15 20:32:25+00:00,2024-05-16 05:32:25+09:00,2024,5,15,20,32,25,0,20.0,32.0,25.0,40.603268,141.576889,15.431,3.0,8.0,-0.276123,-0.010986,0.519043,-35.888672,117.614746,8.789062,-574.0,59.0,546.0,37.0,0.0,1018.200012,18.559999,0.051531,-41.106812,3.698437,0.0,1.0,1.0,11.0,0.0,0.0,0.0,4.0,0.0,10.549393592517669,37.97781693306361,10.549393592517669,37.97781693306361,948.8559459256418,-0.07611798964419236,0.07611798964419236,0.07611798964419236,8.972626609174839
LBP05_S11,LBP05,11,91,25,92,51975,1715805146.0,2024-05-15 20:32:26+00:00,2024-05-16 05:32:26+09:00,2024,5,15,20,32,26,0,20.0,32.0,26.0,40.603172,141.576889,15.938,3.0,8.0,-0.52124,-0.428467,1.451172,15.380859,95.64209,18.859863,-573.0,58.0,547.0,50.0,0.0,1019.0,18.58,0.059459,-47.735023,3.698437,0.0,1.0,1.0,11.0,0.0,0.0,0.0,4.0,0.0,10.660439663755044,38.37758278951816,10.660439663755044,38.37758278951816,959.5163855893968,0.11104607123737509,0.11104607123737509,0.11104607123737509,0.0
LBP05_S11,LBP05,11,92,26,93,52000,1715805147.0,2024-05-15 20:32:27+00:00,2024-05-16 05:32:27+09:00,2024,5,15,20,32,27,0,20.0,32.0,27.0,40.603077,141.576904,15.609,3.0,8.0,-0.313232,0.041016,0.054932,-65.856934,23.55957,-11.474609,-574.0,57.0,546.0,50.0,0.0,1019.0,18.59,0.059459,-47.735023,3.698437,0.0,1.0,1.0,11.0,0.0,0.0,0.0,5.0,0.0,10.625511709058443,38.2518421526104,10.625511709058443,38.2518421526104,970.1418972984552,-0.034927954696600594,0.034927954696600594,0.034927954696600594,8.972626625899352
LBP05_S11,LBP05,11,93,27,94,52025,1715805148.0,2024-05-15 20:32:28+00:00,2024-05-16 05:32:28+09:00,2024,5,15,20,32,28,0,20.0,32.0,28.0,40.602978,141.576904,14.667,3.0,8.0,-0.83667,-0.280762,1.643311,-12.939453,-63.232422,-14.282227,-578.0,56.0,546.0,37.0,0.0,1019.5,18.6,0.064414,-51.875576,3.698437,0.0,1.0,1.0,11.0,0.0,0.0,0.0,4.0,0.0,10.99357803524212,39.57688092687163,10.99357803524212,39.57688092687163,981.1354753336973,0.3680663261836763,0.3680663261836763,0.3680663261836763,8.972626625899395
LBP05_S11,LBP05,11,94,28,95,52050,1715805149.0,2024-05-15 20:32:29+00:00,2024-05-16 05:32:29+09:00,2024,5,15,20,32,29,0,20.0,32.0,29.0,40.602879,141.57692,14.609,3.0,8.0,0.308838,-0.112793,0.686035,-19.958496,-68.054199,10.620117,-574.0,61.0,544.0,56.0,0.0,1019.099976,18.610001,0.06045,-48.563061,3.698437,0.0,1.0,1.0,11.0,0.0,0.0,0.0,4.0,0.0,11.076670811930095,39.87601492294834,11.076670811930095,39.87601492294834,992.2121461456273,0.08309277668797499,0.08309277668797499,0.08309277668797499,9.180541950987354
LBP05_S11,LBP05,11,95,29,96,52075,1715805150.0,2024-05-15 20:32:30+00:00,2024-05-16 05:32:30+09:00,2024,5,15,20,32,30,0,20.0,32.0,30.0,40.602783,141.57692,15.102,3.0,8.0,0.140137,-0.102051,1.250488,38.818359,7.019043,9.70459,-572.0,61.0,547.0,50.0,0.0,1018.700012,18.620001,0.056486,-45.25,3.698437,0.0,1.0,1.0,11.0,0.0,0.0,0.0,3.0,0.0,10.660438943783895,38.377580197622024,10.660438943783895,38.377580197622024,1002.8725850894112,-0.41623186814620006,0.41623186814620006,0.41623186814620006,9.180541950987354
LBP05_S11,LBP05,11,96,30,97,52100,1715805151.0,2024-05-15 20:32:31+00:00,2024-05-16 05:32:31+09:00,2024,5,15,20,32,31,0,20.0,32.0,31.0,40.602692,141.57692,15.421,3.0,8.0,-0.303467,-0.408203,1.486816,0.549316,124.389648,3.356934,-574.0,60.0,546.0,35.0,0.0,1019.299988,18.629999,0.062432,-50.219452,3.698437,0.0,1.0,1.0,11.0,0.0,0.0,0.0,6.0,0.0,10.105207584810854,36.378747305319074,10.105207584810854,36.378747305319074,1012.9777926742221,-0.5552313589730407,0.5552313589730407,0.5552313589730407,0.0
LBP05_S11,LBP05,11,97,31,98,52125,1715805152.0,2024-05-15 20:32:32+00:00,2024-05-16 05:32:32+09:00,2024,5,15,20,32,32,0,20.0,32.0,32.0,40.602596,141.57692,15.701,3.0,8.0,-0.238525,-0.123047,0.095459,-88.806152,-14.343262,-13.366699,-573.0,56.0,549.0,43.0,0.0,1018.700012,18.639999,0.056486,-45.25,3.698437,0.0,1.0,1.0,11.0,0.0,0.0,0.0,4.0,0.0,10.6604385976145,38.3775789514122,10.6604385976145,38.3775789514122,1023.6382312718366,0.5552310128036453,0.5552310128036453,0.5552310128036453,0.0
LBP05_S11,LBP05,11,98,32,99,52150,1715805153.0,2024-05-15 20:32:33+00:00,2024-05-16 05:32:33+09:00,2024,5,15,20,32,33,0,20.0,32.0,33.0,40.602505,141.576935,16.341999,3.0,8.0,-0.542969,-0.404297,1.802734,31.799316,-135.742188,-5.432129,-575.0,58.0,545.0,37.0,0.0,1018.900024,18.65,0.058468,-46.906914,3.698437,0.0,1.0,1.0,11.0,0.0,0.0,0.0,4.0,0.0,10.184647393779354,36.66473061760568,10.184647393779354,36.66473061760568,1033.822878665616,-0.4757912038351453,0.4757912038351453,0.4757912038351453,9.360190796361392
LBP05_S11,LBP05,11,99,33,100,52175,1715805154.0,2024-05-15 20:32:34+00:00,2024-05-16 05:32:34+09:00,2024,5,15,20,32,34,0,20.0,32.0,34.0,40.602409,141.576935,16.344999,3.0,8.0,0.547852,-0.273926,0.885254,-20.751953,5.004883,9.460449,-575.0,61.0,544.0,58.0,0.0,1019.5,18.66,0.064414,-51.875576,3.698437,0.0,1.0,1.0,11.0,0.0,0.0,0.0,4.0,0.0,10.660438251798569,38.377577706474845,10.660438251798569,38.377577706474845,1044.4833169174144,0.4757908580192147,0.4757908580192147,0.4757908580192147,9.360190796361392
LBP05_S11,LBP05,11,100,34,101,52200,1715805155.0,2024-05-15 20:32:35+00:00,2024-05-16 05:32:35+09:00,2024,5,15,20,32,35,0,20.0,32.0,35.0,40.602314,141.576935,16.565001,3.0,8.0,-0.433838,0.165771,0.059082,-7.385254,106.018066,-7.324219,-573.0,61.0,547.0,52.0,0.0,1018.700012,18.67,0.056486,-45.25,3.698437,0.0,1.0,1.0,11.0,0.0,0.0,0.0,4.0,0.0,10.549391843708898,37.977810637352036,10.549391843708898,37.977810637352036,1055.0327087611233,-0.11104640808967048,0.11104640808967048,0.11104640808967048,0.0
LBP05_S11,LBP05,11,101,35,102,52225,1715805156.0,2024-05-15 20:32:36+00:00,2024-05-16 05:32:36+09:00,2024,5,15,20,32,36,0,20.0,32.0,36.0,40.602222,141.576935,16.695,3.0,8.0,-0.90625,-0.369385,1.694336,16.906738,-33.325195,7.324219,-572.0,57.0,550.0,33.0,0.0,1019.099976,18.68,0.06045,-48.563061,3.698437,0.0,1.0,1.0,11.0,0.0,0.0,0.0,4.0,0.0,10.21625298903253,36.77851076051711,10.21625298903253,36.77851076051711,1065.2489617501558,-0.3331388546763687,0.3331388546763687,0.3331388546763687,0.0
LBP05_S11,LBP05,11,102,36,103,52250,1715805157.0,2024-05-15 20:32:37+00:00,2024-05-16 05:32:37+09:00,2024,5,15,20,32,37,0,20.0,32.0,37.0,40.602127,141.576935,16.4,3.0,8.0,0.162354,-0.123535,0.414307,-59.326172,-84.350586,14.648438,-575.0,56.0,548.0,57.0,0.0,1019.099976,18.690001,0.06045,-48.563061,3.698437,0.0,1.0,1.0,11.0,0.0,0.0,0.0,3.0,0.0,10.549391501214291,37.97780940437145,10.549391501214291,37.97780940437145,1075.7983532513701,0.3331385121817618,0.3331385121817618,0.3331385121817618,0.0
LBP05_S11,LBP05,11,103,37,104,52275,1715805158.0,2024-05-15 20:32:38+00:00,2024-05-16 05:32:38+09:00,2024,5,15,20,32,38,0,20.0,32.0,38.0,40.602032,141.57695,15.933,3.0,8.0,-0.053223,-0.219727,1.490234,37.29248,-68.29834,-16.418457,-573.0,60.0,547.0,52.0,0.0,1019.200012,18.700001,0.061441,-49.391544,3.698437,0.0,1.0,1.0,11.0,0.0,0.0,0.0,5.0,0.0,10.625512169418583,38.2518438099069,10.625512169418583,38.2518438099069,1086.4238654207886,0.07612066820429142,0.07612066820429142,0.07612066820429142,8.972626625899352
LBP05_S11,LBP05,11,104,38,105,52300,1715805159.0,2024-05-15 20:32:39+00:00,2024-05-16 05:32:39+09:00,2024,5,15,20,32,39,0,20.0,32.0,39.0,40.601933,141.57695,15.627,3.0,8.0,0.046631,-0.017334,1.35498,32.897949,111.26709,-10.314941,-572.0,65.0,542.0,57.0,0.0,1019.099976,18.709999,0.06045,-48.563061,3.698437,0.0,1.0,1.0,11.0,0.0,0.0,0.0,4.0,0.0,10.99357604001479,39.576873744053245,10.99357604001479,39.576873744053245,1097.4174414608035,0.3680638705962078,0.3680638705962078,0.3680638705962078,8.972626625899395
LBP05_S11,LBP05,11,105,39,106,52325,1715805160.0,2024-05-15 20:32:40+00:00,2024-05-16 05:32:40+09:00,2024,5,15,20,32,40,0,20.0,32.0,40.0,40.601841,141.57695,15.377,3.0,8.0,-0.260742,-0.118408,0.011963,-70.617676,30.883789,2.01416,-572.0,59.0,548.0,47.0,0.0,1019.099976,18.719999,0.06045,-48.563061,3.698437,0.0,1.0,1.0,11.0,0.0,0.0,0.0,3.0,0.0,10.216252312770848,36.778508325975054,10.216252312770848,36.778508325975054,1107.6336937735744,-0.7773237272439424,0.7773237272439424,0.7773237272439424,0.0
LBP05_S11,LBP05,11,106,40,107,52350,1715805161.0,2024-05-15 20:32:41+00:00,2024-05-16 05:32:41+09:00,2024,5,15,20,32,41,0,20.0,32.0,41.0,40.601742,141.576935,15.298,3.0,8.0,-0.754883,-0.400879,1.732178,22.399902,-82.15332,0.671387,-574.0,61.0,545.0,35.0,0.0,1019.599976,18.73,0.065405,-52.703289,3.698437,0.0,1.0,1.0,11.0,0.0,0.0,0.0,6.0,0.0,11.066642283850822,39.83991222186296,11.066642283850822,39.83991222186296,1118.7003360574251,0.8503899710799736,0.8503899710799736,0.8503899710799736,8.6156481950058
LBP05_S11,LBP05,11,107,41,108,52375,1715805162.0,2024-05-15 20:32:42+00:00,2024-05-16 05:32:42+09:00,2024,5,15,20,32,42,0,20.0,32.0,42.0,40.601646,141.576935,14.593,3.0,8.0,0.290771,-0.095947,0.556641,15.563965,-71.044922,-6.896973,-574.0,62.0,545.0,58.0,0.0,1019.200012,18.74,0.061441,-49.391544,3.698437,0.0,1.0,1.0,11.0,0.0,0.0,0.0,3.0,0.0,10.660436838074768,38.37757261706916,10.660436838074768,38.37757261706916,1129.3607728954998,-0.4062054457760542,0.4062054457760542,0.4062054457760542,8.6156481950058
LBP05_S11,LBP05,11,108,42,109,52400,1715805163.0,2024-05-15 20:32:43+00:00,2024-05-16 05:32:43+09:00,2024,5,15,20,32,43,0,20.0,32.0,43.0,40.601551,141.57692,13.975,3.0,8.0,-0.192627,-0.009521,0.605225,-6.713867,130.126953,10.375977,-572.0,66.0,541.0,52.0,0.0,1018.5,18.75,0.054504,-43.592819,3.698437,0.0,1.0,1.0,11.0,0.0,0.0,0.0,5.0,0.0,10.6255123820204,38.25184457527344,10.6255123820204,38.25184457527344,1139.9862852775202,-0.03492445605436778,0.03492445605436778,0.03492445605436778,8.972626609174798
LBP05_S11,LBP05,11,109,43,110,52425,1715805164.0,2024-05-15 20:32:44+00:00,2024-05-16 05:32:44+09:00,2024,5,15,20,32,44,0,20.0,32.0,44.0,40.601456,141.576904,14.197,3.0,8.0,-0.722656,-0.174805,1.647949,37.04834,23.681641,-9.58252,-570.0,66.0,546.0,35.0,0.0,1019.599976,18.76,0.065405,-52.703289,3.698437,0.0,1.0,1.0,11.0,0.0,0.0,0.0,5.0,0.0,10.635957661326874,38.289447580776745,10.635957661326874,38.289447580776745,1150.6222429388472,0.010445279306473765,0.010445279306473765,0.010445279306473765,0.5874698645180348
LBP05_S11,LBP05,11,110,44,111,52450,1715805165.0,2024-05-15 20:32:45+00:00,2024-05-16 05:32:45+09:00,2024,5,15,20,32,45,0,20.0,32.0,45.0,40.601372,141.576874,14.419,3.0,8.0,0.150635,-0.083984,0.342529,68.664551,-70.800781,-19.40918,-571.0,64.0,544.0,55.0,0.0,1019.400024,18.77,0.063423,-51.047798,3.698437,0.0,1.0,1.0,11.0,0.0,0.0,0.0,4.0,0.0,9.66731153740973,34.80232153467503,9.66731153740973,34.80232153467503,1160.2895544762569,-0.9686461239171429,0.9686461239171429,0.9686461239171429,10.093727589887262
LBP05_S11,LBP05,11,111,45,112,52475,1715805166.0,2024-05-15 20:32:46+00:00,2024-05-16 05:32:46+09:00,2024,5,15,20,32,46,0,20.0,32.0,46.0,40.601284,141.576859,14.904,3.0,8.0,0.026611,0.094727,1.184326,29.846191,19.470215,12.084961,-572.0,58.0,549.0,34.0,0.0,1018.799988,18.780001,0.057477,-46.078239,3.698437,0.0,1.0,1.0,11.0,0.0,0.0,0.0,7.0,0.0,9.8541955970517,35.47510414938612,9.8541955970517,35.47510414938612,1170.1437500733086,0.18688405964196875,0.18688405964196875,0.18688405964196875,9.980468636948972
LBP05_S11,LBP05,11,112,46,113,52500,1715805167.0,2024-05-15 20:32:47+00:00,2024-05-16 05:32:47+09:00,2024,5,15,20,32,47,0,20.0,32.0,47.0,40.601192,141.576843,15.023,3.0,8.0,-0.497803,-0.189941,1.513184,19.897461,95.275879,19.470215,-575.0,58.0,545.0,56.0,0.0,1019.099976,18.790001,0.06045,-48.563061,3.698437,0.0,1.0,1.0,11.0,0.0,0.0,0.0,5.0,0.0,10.305618009709663,37.10022483495479,10.305618009709663,37.10022483495479,1180.4493680830183,0.4514224126579638,0.4514224126579638,0.4514224126579638,0.19245152616294237
LBP05_S11,LBP05,11,113,47,114,52525,1715805168.0,2024-05-15 20:32:48+00:00,2024-05-16 05:32:48+09:00,2024,5,15,20,32,48,0,20.0,32.0,48.0,40.601101,141.576843,15.412,3.0,8.0,-0.112549,-0.199707,0.195557,-37.841797,-38.574219,-2.197266,-573.0,62.0,545.0,56.0,0.0,1018.5,18.799999,0.054504,-43.592819,3.698437,0.0,1.0,1.0,11.0,0.0,0.0,0.0,6.0,0.0,10.105204792775973,36.378737253993506,10.105204792775973,36.378737253993506,1190.5545728757943,-0.20041321693368985,0.20041321693368985,0.20041321693368985,9.865806952795293
LBP05_S11,LBP05,11,114,48,115,52550,1715805169.0,2024-05-15 20:32:49+00:00,2024-05-16 05:32:49+09:00,2024,5,15,20,32,49,0,20.0,32.0,49.0,40.601006,141.576843,14.948,3.0,8.0,-0.717529,-0.472168,1.856934,8.911133,-99.487305,-2.258301,-573.0,60.0,545.0,35.0,0.0,1019.099976,18.809999,0.06045,-48.563061,3.698437,0.0,1.0,1.0,11.0,0.0,0.0,0.0,5.0,0.0,10.54938944757627,37.977802011274576,10.54938944757627,37.977802011274576,1201.1039623233705,0.44418465480029745,0.44418465480029745,0.44418465480029745,0.0
LBP05_S11,LBP05,11,115,49,116,52575,1715805170.0,2024-05-15 20:32:50+00:00,2024-05-16 05:32:50+09:00,2024,5,15,20,32,50,0,20.0,32.0,50.0,40.60091,141.576843,14.803,3.0,8.0,0.586426,-0.0979,0.825928,29.11377,-21.179199,9.521484,-572.0,63.0,544.0,55.0,0.0,1019.5,18.82,0.064414,-51.875576,3.698437,0.0,1.0,1.0,11.0,0.0,0.0,0.0,5.0,0.0,10.66043547600372,38.377567713613395,10.66043547600372,38.377567713613395,1211.7643977993741,0.11104602842744882,0.11104602842744882,0.11104602842744882,0.0
LBP05_S11,LBP05,11,116,50,117,52600,1715805171.0,2024-05-15 20:32:51+00:00,2024-05-16 05:32:51+09:00,2024,5,15,20,32,51,0,20.0,32.0,51.0,40.600811,141.576828,14.633,3.0,8.0,-0.467041,0.197021,-0.044189,-32.958984,66.101074,-19.65332,-572.0,61.0,547.0,57.0,0.0,1018.599976,18.83,0.055495,-44.421192,3.698437,0.0,1.0,1.0,11.0,0.0,0.0,0.0,6.0,0.0,11.066642537553532,39.83991313519272,11.066642537553532,39.83991313519272,1222.8310403369276,0.40620706154981256,0.40620706154981256,0.40620706154981256,8.615648178925936
LBP05_S11,LBP05,11,117,51,118,52625,1715805172.0,2024-05-15 20:32:52+00:00,2024-05-16 05:32:52+09:00,2024,5,15,20,32,52,0,20.0,32.0,52.0,40.600716,141.576828,14.995,3.0,8.0,-0.736816,-0.400146,1.726807,14.038086,-82.15332,6.530762,-572.0,63.0,546.0,49.0,0.0,1019.299988,18.84,0.062432,-50.219452,3.698437,0.0,1.0,1.0,11.0,0.0,0.0,0.0,5.0,0.0,10.549388916375149,37.97780009895054,10.549388916375149,37.97780009895054,1233.3804292533027,-0.5172536211783836,0.5172536211783836,0.5172536211783836,8.615648178925978
LBP05_S11,LBP05,11,118,52,119,52650,1715805173.0,2024-05-15 20:32:53+00:00,2024-05-16 05:32:53+09:00,2024,5,15,20,32,53,0,20.0,32.0,53.0,40.600624,141.576813,14.702,3.0,8.0,0.321289,-0.085205,0.710449,-18.981934,-40.83252,7.568359,-571.0,65.0,542.0,56.0,0.0,1019.700012,18.85,0.066396,-53.531441,3.698437,0.0,1.0,1.0,11.0,0.0,0.0,0.0,5.0,0.0,10.2948378511287,37.06141626406332,10.2948378511287,37.06141626406332,1243.6752671044314,-0.2545510652464493,0.2545510652464493,0.2545510652464493,9.26022154316601
LBP05_S11,LBP05,11,119,53,120,52675,1715805174.0,2024-05-15 20:32:54+00:00,2024-05-16 05:32:54+09:00,2024,5,15,20,32,54,0,20.0,32.0,54.0,40.600533,141.576797,12.927,3.0,8.0,-0.095947,-0.000488,0.843506,-7.93457,107.055664,-4.333496,-570.0,68.0,544.0,41.0,0.0,1018.700012,18.85,0.056486,-45.25,3.698437,0.0,1.0,1.0,11.0,0.0,0.0,0.0,6.0,0.0,10.19554582107427,36.70396495586738,10.19554582107427,36.70396495586738,1253.8708129255058,-0.09929203005442844,0.09929203005442844,0.09929203005442844,0.7118361363449982
LBP05_S11,LBP05,11,120,54,121,52700,1715805175.0,2024-05-15 20:32:55+00:00,2024-05-16 05:32:55+09:00,2024,5,15,20,32,55,0,20.0,32.0,55.0,40.600445,141.576767,12.757,3.0,8.0,-0.730469,-0.24292,1.698486,27.038574,6.286621,-2.380371,-567.0,66.0,548.0,45.0,0.0,1019.0,18.860001,0.059459,-47.735023,3.698437,0.0,1.0,1.0,11.0,0.0,0.0,0.0,5.0,0.0,10.096581949963918,36.3476950198701,10.096581949963918,36.3476950198701,1263.9673948754696,-0.0989638711103531,0.0989638711103531,0.0989638711103531,8.852652344664051
LBP05_S11,LBP05,11,121,55,122,52725,1715805176.0,2024-05-15 20:32:56+00:00,2024-05-16 05:32:56+09:00,2024,5,15,20,32,56,0,20.0,32.0,56.0,40.600357,141.576736,12.833,3.0,9.0,0.382568,-0.015869,0.749268,56.152344,-49.01123,4.943848,-570.0,63.0,546.0,60.0,0.0,1018.799988,18.870001,0.057477,-46.078239,3.698437,0.0,1.0,1.0,11.0,0.0,0.0,0.0,5.0,0.0,10.118201112878163,36.425524006361385,10.118201112878163,36.425524006361385,1274.0855959883477,0.021619162914245038,0.021619162914245038,0.021619162914245038,0.581260717807496
LBP05_S11,LBP05,11,122,56,123,52750,1715805177.0,2024-05-15 20:32:57+00:00,2024-05-16 05:32:57+09:00,2024,5,15,20,32,57,0,20.0,32.0,57.0,40.600266,141.576706,12.97,3.0,9.0,-0.226807,-0.024414,0.657959,-35.949707,113.769531,10.131836,-573.0,59.0,548.0,51.0,0.0,1018.400024,18.879999,0.053513,-42.764385,3.698437,0.0,1.0,1.0,11.0,0.0,0.0,0.0,5.0,0.0,10.41935122666112,37.50966441598003,10.41935122666112,37.50966441598003,1284.5049472150088,0.301150113782958,0.301150113782958,0.301150113782958,1.1601162098809021
LBP05_S11,LBP05,11,123,57,124,52775,1715805178.0,2024-05-15 20:32:58+00:00,2024-05-16 05:32:58+09:00,2024,5,15,20,32,58,0,20.0,32.0,58.0,40.600178,141.576691,12.747,3.0,9.0,-0.815186,-0.425049,1.700684,23.071289,34.423828,-10.559082,-571.0,65.0,544.0,37.0,0.0,1019.0,18.889999,0.059459,-47.735023,3.698437,0.0,1.0,1.0,11.0,0.0,0.0,0.0,5.0,0.0,9.854196432196323,35.47510715590676,9.854196432196323,35.47510715590676,1294.3591436472052,-0.5651547944647977,0.5651547944647977,0.5651547944647977,8.572499105470559
LBP05_S11,LBP05,11,124,58,125,52800,1715805179.0,2024-05-15 20:32:59+00:00,2024-05-16 05:32:59+09:00,2024,5,15,20,32,59,0,20.0,32.0,59.0,40.600086,141.576691,12.72,3.0,9.0,-0.634277,0.057617,0.038086,-47.912598,346.618652,55.664062,-573.0,65.0,542.0,60.0,0.0,1018.700012,18.9,0.056486,-45.25,3.698437,0.0,1.0,1.0,11.0,0.0,0.0,0.0,5.0,0.0,10.216249198305984,36.778497113901544,10.216249198305984,36.778497113901544,1304.5753928455113,0.3620527661096613,0.3620527661096613,0.3620527661096613,9.673355426630629
LBP05_S11,LBP05,11,125,59,126,52825,1715805180.0,2024-05-15 20:33:00+00:00,2024-05-16 05:33:00+09:00,2024,5,15,20,33,0,0,20.0,33.0,0.0,40.599998,141.57666,13.418,3.0,9.0,-0.833008,-0.175293,1.674561,-5.432129,4.02832,6.835938,-572.0,62.0,545.0,51.0,0.0,1019.099976,18.9,0.06045,-48.563061,3.705469,0.0,1.0,1.0,11.0,0.0,0.0,0.0,12.0,0.0,10.118204164904158,36.42553499365497,10.118204164904158,36.42553499365497,1314.6935970104155,-0.09804503340182613,0.09804503340182613,0.09804503340182613,19.405970758444074
LBP05_S11,LBP05,11,126,60,127,52850,1715805181.0,2024-05-15 20:33:01+00:00,2024-05-16 05:33:01+09:00,2024,5,15,20,33,1,0,20.0,33.0,1.0,40.599911,141.57666,13.788,3.0,7.0,-0.015137,-0.237305,0.220459,-66.650391,-72.570801,-4.394531,-571.0,62.0,545.0,55.0,0.0,1018.700012,18.91,0.056486,-45.25,3.705469,0.0,1.0,1.0,11.0,0.0,0.0,0.0,11.0,0.0,9.661017965621292,34.779664676236656,9.661017965621292,34.779664676236656,1324.3546149760368,-0.45718619928286586,0.45718619928286586,0.45718619928286586,19.4059707584441
LBP05_S11,LBP05,11,127,61,128,52875,1715805182.0,2024-05-15 20:33:02+00:00,2024-05-16 05:33:02+09:00,2024,5,15,20,33,2,0,20.0,33.0,2.0,40.599819,141.576645,13.135,3.0,7.0,-0.211914,-0.263916,1.526367,24.475098,-72.814941,7.873535,-571.0,66.0,543.0,39.0,0.0,1018.5,18.92,0.054504,-43.592819,3.705469,0.0,1.0,1.0,11.0,0.0,0.0,0.0,5.0,0.0,10.294838311998662,37.06141792319519,10.294838311998662,37.06141792319519,1334.6494532880356,0.6338203463773695,0.6338203463773695,0.6338203463773695,9.260221525221024
LBP05_S11,LBP05,11,128,62,129,52900,1715805183.0,2024-05-15 20:33:03+00:00,2024-05-16 05:33:03+09:00,2024,5,15,20,33,3,0,20.0,33.0,3.0,40.599731,141.57663,12.618,3.0,7.0,-0.276367,-0.174805,1.458984,32.958984,92.468262,11.413574,-569.0,66.0,542.0,50.0,0.0,1019.099976,18.93,0.06045,-48.563061,3.705469,0.0,1.0,1.0,11.0,0.0,0.0,0.0,5.0,0.0,9.854196770838652,35.47510837501915,9.854196770838652,35.47510837501915,1344.5036500588742,-0.4406415411600104,0.4406415411600104,0.4406415411600104,0.41313391939286026
LBP05_S11,LBP05,11,129,63,130,52925,1715805184.0,2024-05-15 20:33:04+00:00,2024-05-16 05:33:04+09:00,2024,5,15,20,33,4,0,20.0,33.0,4.0,40.59964,141.576614,12.851,3.0,7.0,-0.145264,-0.257324,0.188721,5.92041,-59.875488,-3.112793,-569.0,65.0,545.0,60.0,0.0,1018.799988,18.940001,0.057477,-46.078239,3.705469,0.0,1.0,1.0,11.0,0.0,0.0,0.0,6.0,0.0,10.195546660088844,36.70396797631984,10.195546660088844,36.70396797631984,1354.699196718963,0.3413498892501927,0.3413498892501927,0.3413498892501927,0.29870223566127646
LBP05_S11,LBP05,11,130,64,131,52950,1715805185.0,2024-05-15 20:33:05+00:00,2024-05-16 05:33:05+09:00,2024,5,15,20,33,5,0,20.0,33.0,5.0,40.599548,141.576584,12.696,3.0,7.0,-0.125732,-0.170166,0.73877,16.357422,118.591309,22.644043,-570.0,64.0,546.0,55.0,0.0,1018.900024,18.940001,0.058468,-46.906914,3.705469,0.0,1.0,1.0,11.0,0.0,0.0,0.0,5.0,0.0,10.527089424869803,37.897521929531294,10.527089424869803,37.897521929531294,1365.2262861438328,0.33154276478095923,0.33154276478095923,0.33154276478095923,8.088414260882217
LBP05_S11,LBP05,11,131,65,132,52975,1715805186.0,2024-05-15 20:33:06+00:00,2024-05-16 05:33:06+09:00,2024,5,15,20,33,6,0,20.0,33.0,6.0,40.599461,141.576569,13.236,3.0,7.0,-0.81665,-0.273193,1.595459,5.92041,-39.733887,-8.972168,-571.0,68.0,541.0,55.0,0.0,1019.5,18.959999,0.064414,-51.875576,3.705469,0.0,1.0,1.0,11.0,0.0,0.0,0.0,5.0,0.0,9.744086860880296,35.07871269916907,9.744086860880296,35.07871269916907,1374.970373004713,-0.7830025639895073,0.7830025639895073,0.7830025639895073,8.278064915459593
LBP05_S11,LBP05,11,132,66,133,53000,1715805187.0,2024-05-15 20:33:07+00:00,2024-05-16 05:33:07+09:00,2024,5,15,20,33,7,0,20.0,33.0,7.0,40.599377,141.576538,13.68,3.0,7.0,0.352539,-0.000977,0.638916,50.964355,-51.879883,-9.765625,-568.0,67.0,545.0,59.0,0.0,1019.299988,18.959999,0.062432,-50.219452,3.705469,0.0,1.0,1.0,11.0,0.0,0.0,0.0,6.0,0.0,9.689905102949874,34.88365837061955,9.689905102949874,34.88365837061955,1384.660278107663,-0.054181757930422236,0.054181757930422236,0.054181757930422236,10.474055152788177
LBP05_S11,LBP05,11,133,67,134,53025,1715805188.0,2024-05-15 20:33:08+00:00,2024-05-16 05:33:08+09:00,2024,5,15,20,33,8,0,20.0,33.0,8.0,40.599293,141.576508,13.674,3.0,7.0,-0.568115,0.085205,-0.049805,-15.50293,81.90918,-35.27832,-570.0,63.0,547.0,47.0,0.0,1018.5,18.969999,0.054504,-43.592819,3.705469,0.0,1.0,1.0,11.0,0.0,0.0,0.0,5.0,0.0,9.667328949494475,34.802384218180116,9.667328949494475,34.802384218180116,1394.3276070571576,-0.02257615345539854,0.02257615345539854,0.02257615345539854,0.6026381133700063
LBP05_S11,LBP05,11,134,68,135,53050,1715805189.0,2024-05-15 20:33:09+00:00,2024-05-16 05:33:09+09:00,2024,5,15,20,33,9,0,20.0,33.0,9.0,40.599201,141.576492,13.671,3.0,7.0,-0.283936,-0.241943,1.666748,-3.540039,-142.883301,-12.268066,-571.0,68.0,540.0,38.0,0.0,1018.599976,18.98,0.055495,-44.421192,3.705469,0.0,1.0,1.0,11.0,0.0,0.0,0.0,5.0,0.0,10.305619788328643,37.10023123798312,10.305619788328643,37.10023123798312,1404.6332268454862,0.6382908388341679,0.6382908388341679,0.6382908388341679,9.788017129500428
LBP05_S11,LBP05,11,135,69,136,53075,1715805190.0,2024-05-15 20:33:10+00:00,2024-05-16 05:33:10+09:00,2024,5,15,20,33,10,0,20.0,33.0,10.0,40.599117,141.576462,14.057,3.0,7.0,-0.509033,-0.151123,1.412354,8.605957,125.793457,5.79834,-568.0,67.0,547.0,51.0,0.0,1019.099976,18.99,0.06045,-48.563061,3.705469,0.0,1.0,1.0,11.0,0.0,0.0,0.0,5.0,0.0,9.667330423492603,34.80238952457337,9.667330423492603,34.80238952457337,1414.3005572689788,-0.6382893648360408,0.6382893648360408,0.6382893648360408,9.788017127965297
LBP05_S11,LBP05,11,136,70,137,53100,1715805191.0,2024-05-15 20:33:11+00:00,2024-05-16 05:33:11+09:00,2024,5,15,20,33,11,0,20.0,33.0,11.0,40.599033,141.576431,14.126,3.0,7.0,0.045654,-0.145264,0.263916,-4.760742,-77.636719,-22.338867,-569.0,69.0,545.0,62.0,0.0,1018.900024,18.99,0.058468,-46.906914,3.705469,0.0,1.0,1.0,11.0,0.0,0.0,0.0,6.0,0.0,9.689908208338961,34.88366955002026,9.689908208338961,34.88366955002026,1423.9904654773177,0.02257778484635864,0.02257778484635864,0.02257778484635864,0.6026380978407307
LBP05_S11,LBP05,11,137,71,138,53125,1715805192.0,2024-05-15 20:33:12+00:00,2024-05-16 05:33:12+09:00,2024,5,15,20,33,12,0,20.0,33.0,12.0,40.598953,141.576385,14.343,3.0,7.0,0.078125,-0.148682,1.371094,-16.784668,1.403809,-3.662109,-569.0,65.0,547.0,52.0,0.0,1018.299988,19.0,0.052522,-41.935379,3.705469,0.0,1.0,1.0,11.0,0.0,0.0,0.0,5.0,0.0,9.699482827310405,34.918138178317456,9.699482827310405,34.918138178317456,1433.6899483046282,0.009574618971443627,0.009574618971443627,0.009574618971443627,9.642439692108239
LBP05_S11,LBP05,11,138,72,139,53150,1715805193.0,2024-05-15 20:33:13+00:00,2024-05-16 05:33:13+09:00,2024,5,15,20,33,13,0,20.0,33.0,13.0,40.598866,141.576355,14.717,3.0,7.0,-0.713135,-0.432373,1.70752,7.8125,32.165527,7.446289,-567.0,64.0,548.0,35.0,0.0,1018.799988,19.01,0.057477,-46.078239,3.705469,0.0,1.0,1.0,11.0,0.0,0.0,0.0,5.0,0.0,9.989156588866026,35.96096371991769,9.989156588866026,35.96096371991769,1443.6791048934942,0.28967376155562086,0.28967376155562086,0.28967376155562086,10.873295827209702
LBP05_S11,LBP05,11,139,73,140,53175,1715805194.0,2024-05-15 20:33:14+00:00,2024-05-16 05:33:14+09:00,2024,5,15,20,33,14,0,20.0,33.0,14.0,40.598782,141.576324,14.43,3.0,7.0,0.408447,0.009766,0.722412,-2.258301,-68.54248,1.647949,-569.0,65.0,546.0,59.0,0.0,1018.599976,19.02,0.055495,-44.421192,3.705469,0.0,1.0,1.0,11.0,0.0,0.0,0.0,6.0,0.0,9.689910474342101,34.88367770763156,9.689910474342101,34.88367770763156,1453.3690153678363,-0.2992461145239247,0.2992461145239247,0.2992461145239247,1.2308561521642367
LBP05_S11,LBP05,11,140,74,141,53200,1715805195.0,2024-05-15 20:33:15+00:00,2024-05-16 05:33:15+09:00,2024,5,15,20,33,15,0,20.0,33.0,15.0,40.598694,141.576294,14.345,3.0,7.0,-0.311279,-0.031982,0.432861,-40.649414,114.624023,-0.427246,-569.0,67.0,543.0,43.0,0.0,1018.700012,19.030001,0.056486,-45.25,3.705469,0.0,1.0,1.0,11.0,0.0,0.0,0.0,5.0,0.0,10.096595736587698,36.347744651715715,10.096595736587698,36.347744651715715,1463.465611104424,0.4066852622455972,0.4066852622455972,0.4066852622455972,1.431752154309947
LBP05_S11,LBP05,11,141,75,142,53225,1715805196.0,2024-05-15 20:33:16+00:00,2024-05-16 05:33:16+09:00,2024,5,15,20,33,16,0,20.0,33.0,16.0,40.59861,141.576263,14.296,3.0,7.0,-0.658936,-0.16748,1.674072,35.522461,-54.626465,3.90625,-568.0,67.0,544.0,41.0,0.0,1019.099976,19.040001,0.06045,-48.563061,3.705469,0.0,1.0,1.0,11.0,0.0,0.0,0.0,5.0,0.0,9.68991202632988,34.883683294787566,9.68991202632988,34.883683294787566,1473.1555231307539,-0.406683710257818,0.406683710257818,0.406683710257818,1.4317521372474042
LBP05_S11,LBP05,11,142,76,143,53250,1715805197.0,2024-05-15 20:33:17+00:00,2024-05-16 05:33:17+09:00,2024,5,15,20,33,17,0,20.0,33.0,17.0,40.598526,141.576233,14.388,3.0,7.0,0.035889,-0.219971,1.30249,29.23584,81.115723,20.202637,-568.0,72.0,541.0,59.0,0.0,1018.599976,19.040001,0.055495,-44.421192,3.705469,0.0,1.0,1.0,11.0,0.0,0.0,0.0,6.0,0.0,9.66733537385604,34.80240734588175,9.66733537385604,34.80240734588175,1482.82285850461,-0.02257665247383933,0.02257665247383933,0.02257665247383933,0.6026380978407307
LBP05_S11,LBP05,11,143,77,144,53275,1715805198.0,2024-05-15 20:33:18+00:00,2024-05-16 05:33:18+09:00,2024,5,15,20,33,18,0,20.0,33.0,18.0,40.598446,141.576187,14.687,3.0,7.0,-0.153809,-0.470703,0.11377,-78.430176,-8.972168,-1.281738,-566.0,69.0,544.0,62.0,0.0,1018.599976,19.049999,0.055495,-44.421192,3.705469,0.0,1.0,1.0,11.0,0.0,0.0,0.0,5.0,0.0,9.699493916230283,34.91817809842902,9.699493916230283,34.91817809842902,1492.5223524208402,0.032158542374242316,0.032158542374242316,0.032158542374242316,10.2450777746524
LBP05_S11,LBP05,11,144,78,145,53300,1715805199.0,2024-05-15 20:33:19+00:00,2024-05-16 05:33:19+09:00,2024,5,15,20,33,19,0,20.0,33.0,19.0,40.598373,141.576141,14.918,3.0,7.0,-0.24707,-0.254395,1.609863,18.554688,-97.65625,-0.549316,-566.0,68.0,544.0,46.0,0.0,1018.900024,19.049999,0.058468,-46.906914,3.705469,0.0,1.0,1.0,11.0,0.0,0.0,0.0,4.0,0.0,8.992966574606223,32.3746796685824,8.992966574606223,32.3746796685824,1501.5153189954465,-0.7065273416240601,0.7065273416240601,0.7065273416240601,2.317644218812442
LBP05_S11,LBP05,11,145,79,146,53325,1715805200.0,2024-05-15 20:33:20+00:00,2024-05-16 05:33:20+09:00,2024,5,15,20,33,20,0,20.0,33.0,20.0,40.598293,141.576111,14.434,3.0,6.0,0.276855,-0.321289,1.176025,42.297363,87.280273,8.850098,-565.0,67.0,548.0,44.0,0.0,1018.900024,19.059999,0.058468,-46.906914,3.705469,0.0,1.0,1.0,11.0,0.0,0.0,0.0,3.0,0.0,9.239486600894464,33.262151763220075,9.239486600894464,33.262151763220075,1510.754805596341,0.2465200262882412,0.2465200262882412,0.2465200262882412,11.660500832441844
LBP05_S11,LBP05,11,146,80,147,53350,1715805201.0,2024-05-15 20:33:21+00:00,2024-05-16 05:33:21+09:00,2024,5,15,20,33,21,0,20.0,33.0,21.0,40.598213,141.576065,14.054,3.0,6.0,-0.247314,0.048584,-0.072021,-75.378418,1.464844,-23.986816,-567.0,63.0,549.0,44.0,0.0,1018.099976,19.07,0.05054,-40.277672,3.705469,0.0,1.0,1.0,11.0,0.0,0.0,0.0,5.0,0.0,9.699499015289545,34.91819645504236,9.699499015289545,34.91819645504236,1520.4543046116305,0.4600124143950808,0.4600124143950808,0.4600124143950808,9.342856613629458
LBP05_S11,LBP05,11,147,81,148,53375,1715805202.0,2024-05-15 20:33:22+00:00,2024-05-16 05:33:22+09:00,2024,5,15,20,33,22,0,20.0,33.0,22.0,40.598125,141.576035,13.587,3.0,6.0,-0.763428,-0.414307,1.682861,33.325195,-34.301758,-5.432129,-566.0,70.0,543.0,45.0,0.0,1019.200012,19.08,0.061441,-49.391544,3.705469,0.0,1.0,1.0,11.0,0.0,0.0,0.0,5.0,0.0,10.096600215490604,36.347760775766176,10.096600215490604,36.347760775766176,1530.550904827121,0.39710120020105855,0.39710120020105855,0.39710120020105855,11.074191814057745
LBP05_S11,LBP05,11,148,82,149,53400,1715805203.0,2024-05-15 20:33:23+00:00,2024-05-16 05:33:23+09:00,2024,5,15,20,33,23,0,20.0,33.0,23.0,40.598042,141.575989,13.342,3.0,6.0,0.50293,-0.177002,0.887207,-8.544922,-29.11377,-12.817383,-567.0,73.0,542.0,60.0,0.0,1018.799988,19.09,0.057477,-46.078239,3.705469,0.0,1.0,1.0,11.0,0.0,0.0,0.0,5.0,0.0,10.005515118207331,36.01985442554639,10.005515118207331,36.01985442554639,1540.5564199453283,-0.09108509728327263,0.09108509728327263,0.09108509728327263,10.171249487593135
LBP05_S11,LBP05,11,149,83,150,53425,1715805204.0,2024-05-15 20:33:24+00:00,2024-05-16 05:33:24+09:00,2024,5,15,20,33,24,0,20.0,33.0,24.0,40.597965,141.575943,13.445,3.0,7.0,-0.309814,-0.024902,0.110107,-43.762207,46.630859,3.601074,-564.0,74.0,541.0,57.0,0.0,1018.5,19.09,0.054504,-43.592819,3.705469,0.0,1.0,1.0,11.0,0.0,0.0,0.0,6.0,0.0,9.395337668486775,33.82321560655239,9.395337668486775,33.82321560655239,1549.951757613815,-0.6101774497205561,0.6101774497205561,0.6101774497205561,1.8582449936237078
LBP05_S11,LBP05,11,150,84,151,53450,1715805205.0,2024-05-15 20:33:25+00:00,2024-05-16 05:33:25+09:00,2024,5,15,20,33,25,0,20.0,33.0,25.0,40.597897,141.575897,13.963,3.0,7.0,-0.297607,-0.216553,1.661133,27.099609,-85.571289,8.239746,-563.0,70.0,545.0,40.0,0.0,1019.0,19.1,0.059459,-47.735023,3.705469,0.0,1.0,1.0,11.0,0.0,0.0,0.0,4.0,0.0,8.495888682588424,30.585199257318326,8.495888682588424,30.585199257318326,1558.4476462964035,-0.899448985898351,0.899448985898351,0.899448985898351,3.2229907737733114
LBP05_S11,LBP05,11,151,85,152,53475,1715805206.0,2024-05-15 20:33:26+00:00,2024-05-16 05:33:26+09:00,2024,5,15,20,33,26,0,20.0,33.0,26.0,40.597824,141.575836,14.334,3.0,7.0,0.063477,-0.2146,1.343994,25.146484,85.754395,19.65332,-563.0,73.0,543.0,50.0,0.0,1019.200012,19.110001,0.061441,-49.391544,3.705469,0.0,1.0,1.0,11.0,0.0,0.0,0.0,3.0,0.0,9.611087507721857,34.59991502779869,9.611087507721857,34.59991502779869,1568.0587338041253,1.115198825133433,1.115198825133433,1.115198825133433,5.805489865194932
LBP05_S11,LBP05,11,152,86,153,53500,1715805207.0,2024-05-15 20:33:27+00:00,2024-05-16 05:33:27+09:00,2024,5,15,20,33,27,0,20.0,33.0,27.0,40.597755,141.57579,15.084,3.0,7.0,-0.129395,-0.028076,0.155518,15.258789,-72.753906,-1.708984,-566.0,69.0,543.0,66.0,0.0,1018.299988,19.120001,0.052522,-41.935379,3.705469,0.0,1.0,1.0,11.0,0.0,0.0,0.0,5.0,0.0,8.594740618480248,30.941066226528893,8.594740618480248,30.941066226528893,1576.6534744226055,-1.0163468892416088,1.0163468892416088,1.0163468892416088,6.192617621102693
LBP05_S11,LBP05,11,153,87,154,53525,1715805208.0,2024-05-15 20:33:28+00:00,2024-05-16 05:33:28+09:00,2024,5,15,20,33,28,0,20.0,33.0,28.0,40.597683,141.575729,16.136,3.0,7.0,0.03125,0.022705,1.063721,-16.906738,26.123047,2.258301,-567.0,65.0,549.0,40.0,0.0,1018.0,19.120001,0.049549,-39.448975,3.705469,0.0,1.0,1.0,11.0,0.0,0.0,0.0,5.0,0.0,9.517619541580736,34.26343034969065,9.517619541580736,34.26343034969065,1586.1710939641862,0.9228789231004875,0.9228789231004875,0.9228789231004875,6.5819446671817365
LBP05_S11,LBP05,11,154,88,155,53550,1715805209.0,2024-05-15 20:33:29+00:00,2024-05-16 05:33:29+09:00,2024,5,15,20,33,29,0,20.0,33.0,29.0,40.59761,141.575699,16.361,3.0,7.0,0.150146,-0.053711,1.125488,31.982422,63.903809,14.221191,-567.0,66.0,547.0,63.0,0.0,1018.599976,19.129999,0.055495,-44.421192,3.705469,0.0,1.0,1.0,11.0,0.0,0.0,0.0,5.0,0.0,8.49479030775004,30.58124510790015,8.49479030775004,30.58124510790015,1594.6658842719362,-1.022829233830695,1.022829233830695,1.022829233830695,17.93136422416993
LBP05_S11,LBP05,11,155,89,156,53575,1715805210.0,2024-05-15 20:33:30+00:00,2024-05-16 05:33:30+09:00,2024,5,15,20,33,30,0,20.0,33.0,30.0,40.59753,141.575668,16.247,3.0,7.0,-0.428467,0.021484,0.184082,-16.540527,74.21875,-19.042969,-567.0,65.0,547.0,51.0,0.0,1018.5,19.139999,0.054504,-43.592819,3.705469,0.0,1.0,1.0,11.0,0.0,0.0,0.0,5.0,0.0,9.263114373528909,33.347211744704076,9.263114373528909,33.347211744704076,1603.928998645465,0.7683240657788684,0.7683240657788684,0.7683240657788684,1.1592984803260724
LBP05_S11,LBP05,11,156,90,157,53600,1715805211.0,2024-05-15 20:33:31+00:00,2024-05-16 05:33:31+09:00,2024,5,15,20,33,31,0,20.0,33.0,31.0,40.597454,141.575638,16.427,3.0,6.0,-0.711426,-0.444336,1.713379,22.155762,-80.26123,-3.356934,-568.0,65.0,546.0,39.0,0.0,1018.900024,19.139999,0.058468,-46.906914,3.705469,0.0,1.0,1.0,11.0,0.0,0.0,0.0,9.0,0.0,8.813260163868577,31.727736589926877,8.813260163868577,31.727736589926877,1612.7422588093336,-0.44985420966033196,0.44985420966033196,0.44985420966033196,0.35962643881587175
LBP05_S11,LBP05,11,157,91,158,53625,1715805212.0,2024-05-15 20:33:32+00:00,2024-05-16 05:33:32+09:00,2024,5,15,20,33,32,0,20.0,33.0,32.0,40.59737,141.575592,15.938,3.0,6.0,0.450928,-0.259766,0.763428,-8.056641,-5.615234,-3.723145,-570.0,65.0,545.0,59.0,0.0,1018.900024,19.15,0.058468,-46.906914,3.705469,0.0,1.0,1.0,11.0,0.0,0.0,0.0,5.0,0.0,10.107914428147367,36.38849194133052,10.107914428147367,36.38849194133052,1622.850173237481,1.2946542642787904,1.2946542642787904,1.2946542642787904,7.164976617044733
LBP05_S11,LBP05,11,158,92,159,53650,1715805213.0,2024-05-15 20:33:33+00:00,2024-05-16 05:33:33+09:00,2024,5,15,20,33,33,0,20.0,33.0,33.0,40.597286,141.575562,15.989,3.0,6.0,-0.106445,-0.101807,0.756104,-34.973145,97.961426,7.080078,-570.0,63.0,547.0,55.0,0.0,1018.299988,19.16,0.052522,-41.935379,3.705469,0.0,1.0,1.0,11.0,0.0,0.0,0.0,3.0,0.0,9.667345759103304,34.802444732771896,9.667345759103304,34.802444732771896,1632.5175189965842,-0.44056866904406355,0.44056866904406355,0.44056866904406355,9.052128478223414
LBP05_S11,LBP05,11,159,93,160,53675,1715805214.0,2024-05-15 20:33:34+00:00,2024-05-16 05:33:34+09:00,2024,5,15,20,33,34,0,20.0,33.0,34.0,40.597202,141.575546,16.055,3.0,7.0,-0.759521,-0.323975,1.753906,-27.34375,20.996094,2.258301,-572.0,61.0,545.0,37.0,0.0,1018.900024,19.17,0.058468,-46.906914,3.705469,0.0,1.0,1.0,11.0,0.0,0.0,0.0,6.0,0.0,9.425680111377401,33.93244840095865,9.425680111377401,33.93244840095865,1641.9431991079616,-0.2416656477259025,0.2416656477259025,0.2416656477259025,8.86952620314371
LBP05_S11,LBP05,11,160,94,161,53700,1715805215.0,2024-05-15 20:33:35+00:00,2024-05-16 05:33:35+09:00,2024,5,15,20,33,35,0,20.0,33.0,35.0,40.597115,141.575531,16.525999,3.0,7.0,0.181152,0.002197,0.37915,32.348633,-78.491211,-25.085449,-570.0,62.0,546.0,54.0,0.0,1019.0,19.17,0.059459,-47.735023,3.705469,0.0,1.0,1.0,11.0,0.0,0.0,0.0,5.0,0.0,9.74408873966798,35.07871946280473,9.74408873966798,35.07871946280473,1651.6872878476297,0.3184086282905785,0.3184086282905785,0.3184086282905785,1.0018908347407367
LBP05_S11,LBP05,11,161,95,162,53725,1715805216.0,2024-05-15 20:33:36+00:00,2024-05-16 05:33:36+09:00,2024,5,15,20,33,36,0,20.0,33.0,36.0,40.597023,141.575516,15.981,3.0,7.0,-0.063477,-0.113281,1.393066,37.902832,-58.837891,4.821777,-571.0,60.0,549.0,35.0,0.0,1018.599976,19.18,0.055495,-44.421192,3.705469,0.0,1.0,1.0,11.0,0.0,0.0,0.0,5.0,0.0,10.294839912085376,37.06142368350736,10.294839912085376,37.06142368350736,1661.982127759715,0.5507511724173959,0.5507511724173959,0.5507511724173959,0.5221854832334635
LBP05_S11,LBP05,11,162,96,163,53750,1715805217.0,2024-05-15 20:33:37+00:00,2024-05-16 05:33:37+09:00,2024,5,15,20,33,37,0,20.0,33.0,37.0,40.596935,141.5755,15.794,3.0,7.0,-0.030762,-0.025391,1.389648,47.668457,84.655762,6.774902,-572.0,64.0,546.0,55.0,0.0,1018.400024,19.18,0.053513,-42.764385,3.705469,0.0,1.0,1.0,11.0,0.0,0.0,0.0,5.0,0.0,9.865462312292463,35.51566432425287,9.865462312292463,35.51566432425287,1671.8475900720075,-0.4293775997929128,0.4293775997929128,0.4293775997929128,1.0446249189748937
LBP05_S11,LBP05,11,163,97,164,53775,1715805218.0,2024-05-15 20:33:38+00:00,2024-05-16 05:33:38+09:00,2024,5,15,20,33,38,0,20.0,33.0,38.0,40.596848,141.5755,16.115,3.0,7.0,-0.061768,-0.310059,0.232422,-26.367188,-44.677734,-10.681152,-571.0,64.0,544.0,54.0,0.0,1018.799988,19.190001,0.057477,-46.078239,3.705469,0.0,1.0,1.0,11.0,0.0,0.0,0.0,6.0,0.0,9.66101282610209,34.77964617396752,9.66101282610209,34.77964617396752,1681.5086028981095,-0.20444948619037362,0.20444948619037362,0.20444948619037362,10.304846461437975
LBP05_S11,LBP05,11,164,98,165,53800,1715805219.0,2024-05-15 20:33:39+00:00,2024-05-16 05:33:39+09:00,2024,5,15,20,33,39,0,20.0,33.0,39.0,40.596764,141.575485,15.87,3.0,7.0,-0.139893,-0.178711,1.613525,8.483887,-75.683594,1.098633,-571.0,65.0,543.0,39.0,0.0,1019.0,19.200001,0.059459,-47.735023,3.705469,0.0,1.0,1.0,11.0,0.0,0.0,0.0,4.0,0.0,9.413891014834627,33.89000765340466,9.413891014834627,33.89000765340466,1690.9224939129442,-0.24712181126746202,0.24712181126746202,0.24712181126746202,10.124671667810773
LBP05_S11,LBP05,11,165,99,166,53825,1715805220.0,2024-05-15 20:33:40+00:00,2024-05-16 05:33:40+09:00,2024,5,15,20,33,40,0,20.0,33.0,40.0,40.596676,141.57547,15.768,3.0,7.0,-0.061035,-0.243896,1.422119,32.531738,93.505859,25.878906,-570.0,65.0,544.0,45.0,0.0,1018.700012,19.200001,0.056486,-45.25,3.705469,0.0,1.0,1.0,11.0,0.0,0.0,0.0,5.0,0.0,9.854199074739737,35.475116669063055,9.854199074739737,35.475116669063055,1700.7766929876839,0.4403080599051101,0.4403080599051101,0.4403080599051101,0.4513162411804965
LBP05_S11,LBP05,11,166,100,167,53850,1715805221.0,2024-05-15 20:33:41+00:00,2024-05-16 05:33:41+09:00,2024,5,15,20,33,41,0,20.0,33.0,41.0,40.596588,141.575439,16.121,3.0,7.0,-0.182861,-0.141357,0.065186,-82.03125,-24.047852,-9.155273,-569.0,61.0,546.0,58.0,0.0,1019.099976,19.209999,0.06045,-48.563061,3.705469,0.0,1.0,1.0,11.0,0.0,0.0,0.0,6.0,0.0,10.118233151330818,36.425639344790945,10.118233151330818,36.425639344790945,1710.8949261390146,0.2640340765910807,0.2640340765910807,0.2640340765910807,9.73261533036362
LBP05_S11,LBP05,11,167,101,168,53875,1715805222.0,2024-05-15 20:33:42+00:00,2024-05-16 05:33:42+09:00,2024,5,15,20,33,42,0,20.0,33.0,42.0,40.596504,141.575424,15.947,3.0,7.0,-0.637939,-0.272461,1.682861,17.028809,-50.231934,-5.79834,-570.0,60.0,548.0,48.0,0.0,1018.799988,19.209999,0.057477,-46.078239,3.705469,0.0,1.0,1.0,11.0,0.0,0.0,0.0,5.0,0.0,9.413891260777602,33.890008538799364,9.413891260777602,33.890008538799364,1720.3088173997921,-0.7043418905532164,0.7043418905532164,0.7043418905532164,9.28129910713202
LBP05_S11,LBP05,11,168,102,169,53900,1715805223.0,2024-05-15 20:33:43+00:00,2024-05-16 05:33:43+09:00,2024,5,15,20,33,43,0,20.0,33.0,43.0,40.596413,141.575424,15.477,3.0,7.0,0.270508,-0.373291,0.647705,-30.029297,-57.312012,15.319824,-568.0,65.0,546.0,53.0,0.0,1018.799988,19.219999,0.057477,-46.078239,3.705469,0.0,1.0,1.0,11.0,0.0,0.0,0.0,5.0,0.0,10.105196564333854,36.37870763160188,10.105196564333854,36.37870763160188,1730.414013964126,0.691305303556252,0.691305303556252,0.691305303556252,10.12467164986237
LBP05_S11,LBP05,11,169,103,170,53925,1715805224.0,2024-05-15 20:33:44+00:00,2024-05-16 05:33:44+09:00,2024,5,15,20,33,44,0,20.0,33.0,44.0,40.596325,141.575394,14.934,3.0,7.0,-0.137451,-0.291992,1.485352,-7.629395,-42.602539,1.831055,-565.0,68.0,545.0,36.0,0.0,1018.799988,19.23,0.057477,-46.078239,3.705469,0.0,1.0,1.0,11.0,0.0,0.0,0.0,6.0,0.0,10.096614387984793,36.347811796745255,10.096614387984793,36.347811796745255,1740.5106283521109,-0.008582176349060333,0.008582176349060333,0.008582176349060333,18.82471002417436
LBP05_S11,LBP05,11,170,104,171,53950,1715805225.0,2024-05-15 20:33:45+00:00,2024-05-16 05:33:45+09:00,2024,5,15,20,33,45,0,20.0,33.0,45.0,40.596237,141.575363,15.017,3.0,7.0,0.095459,-0.091797,1.234863,59.936523,82.519531,8.544922,-566.0,67.0,546.0,53.0,0.0,1019.299988,19.23,0.062432,-50.219452,3.705469,0.0,1.0,1.0,11.0,0.0,0.0,0.0,5.0,0.0,10.118236133839032,36.425650081820514,10.118236133839032,36.425650081820514,1750.6288644859499,0.021621745854238483,0.021621745854238483,0.021621745854238483,0.581260717807496
LBP05_S11,LBP05,11,171,105,172,53975,1715805226.0,2024-05-15 20:33:46+00:00,2024-05-16 05:33:46+09:00,2024,5,15,20,33,46,0,20.0,33.0,46.0,40.596149,141.575333,15.247,3.0,6.0,-0.20752,-0.036865,0.016602,-97.900391,-12.268066,-14.038086,-570.0,62.0,548.0,57.0,0.0,1018.799988,19.24,0.057477,-46.078239,3.705469,0.0,1.0,1.0,11.0,0.0,0.0,0.0,5.0,0.0,10.09661577456938,36.34781678844977,10.09661577456938,36.34781678844977,1760.7254802605191,-0.021620359269652667,0.021620359269652667,0.021620359269652667,0.5812607192202064
LBP05_S11,LBP05,11,172,106,173,54000,1715805227.0,2024-05-15 20:33:47+00:00,2024-05-16 05:33:47+09:00,2024,5,15,20,33,47,0,20.0,33.0,47.0,40.596062,141.575302,14.997,3.0,6.0,-0.42627,-0.271729,1.692627,43.701172,-92.285156,3.845215,-572.0,65.0,544.0,38.0,0.0,1018.599976,19.24,0.055495,-44.421192,3.705469,0.0,1.0,1.0,11.0,0.0,0.0,0.0,5.0,0.0,10.011032210463698,36.039715957669316,10.011032210463698,36.039715957669316,1770.736512470983,-0.08558356410568102,0.08558356410568102,0.08558356410568102,0.7873836915835273
LBP05_S11,LBP05,11,173,107,174,54025,1715805228.0,2024-05-15 20:33:48+00:00,2024-05-16 05:33:48+09:00,2024,5,15,20,33,48,0,20.0,33.0,48.0,40.595978,141.575287,15.308,3.0,6.0,0.371826,-0.13501,0.688721,9.58252,-62.927246,9.094238,-570.0,64.0,545.0,53.0,0.0,1019.0,19.25,0.059459,-47.735023,3.705469,0.0,1.0,1.0,11.0,0.0,0.0,0.0,6.0,0.0,9.413891758585669,33.89001033090841,9.413891758585669,33.89001033090841,1780.1504042295685,-0.5971404518780297,0.5971404518780297,0.5971404518780297,9.487422065321311
LBP05_S11,LBP05,11,174,108,175,54050,1715805229.0,2024-05-15 20:33:49+00:00,2024-05-16 05:33:49+09:00,2024,5,15,20,33,49,0,20.0,33.0,49.0,40.595886,141.575272,15.228,3.0,6.0,-0.240967,-0.120117,0.730957,-15.869141,117.30957,2.075195,-570.0,62.0,547.0,36.0,0.0,1018.900024,19.25,0.058468,-46.906914,3.705469,0.0,1.0,1.0,11.0,0.0,0.0,0.0,5.0,0.0,10.294840564503968,37.061426032214285,10.294840564503968,37.061426032214285,1790.4452447940726,0.8809488059182993,0.8809488059182993,0.8809488059182993,0.8644501238031446
LBP05_S11,LBP05,11,175,109,176,54075,1715805230.0,2024-05-15 20:33:50+00:00,2024-05-16 05:33:50+09:00,2024,5,15,20,33,50,0,20.0,33.0,50.0,40.595798,141.575256,15.694,3.0,6.0,0.426025,-0.101562,0.915527,15.74707,-2.807617,-9.277344,-574.0,64.0,540.0,58.0,0.0,1019.200012,19.26,0.061441,-49.391544,3.705469,0.0,1.0,1.0,11.0,0.0,0.0,0.0,5.0,0.0,9.865463548475477,35.51566877451172,9.865463548475477,35.51566877451172,1800.310708342548,-0.4293770160284911,0.4293770160284911,0.4293770160284911,1.0446249541297863
LBP05_S11,LBP05,11,176,110,177,54100,1715805231.0,2024-05-15 20:33:51+00:00,2024-05-16 05:33:51+09:00,2024,5,15,20,33,51,0,20.0,33.0,51.0,40.595715,141.575241,15.481,3.0,6.0,0.0,-0.091309,0.810059,-7.141113,77.575684,15.563965,-570.0,65.0,544.0,42.0,0.0,1018.099976,19.26,0.05054,-40.277672,3.705469,0.0,1.0,1.0,11.0,0.0,0.0,0.0,6.0,0.0,9.303872646434739,33.49394152716506,9.303872646434739,33.49394152716506,1809.6145809889827,-0.5615909020407379,0.5615909020407379,0.5615909020407379,0.0607590396451031
LBP05_S11,LBP05,11,177,111,178,54125,1715805232.0,2024-05-15 20:33:52+00:00,2024-05-16 05:33:52+09:00,2024,5,15,20,33,52,0,20.0,33.0,52.0,40.595634,141.575226,15.166,3.0,6.0,-0.316895,-0.217773,1.449219,26.245117,100.280762,10.559082,-568.0,64.0,547.0,49.0,0.0,1019.299988,19.27,0.062432,-50.219452,3.705469,0.0,1.0,1.0,11.0,0.0,0.0,0.0,5.0,0.0,9.083908967606787,32.70207228338443,9.083908967606787,32.70207228338443,1818.6984899565894,-0.21996367882795198,0.21996367882795198,0.21996367882795198,0.2473895854048144
LBP05_S11,LBP05,11,178,112,179,54150,1715805233.0,2024-05-15 20:33:53+00:00,2024-05-16 05:33:53+09:00,2024,5,15,20,33,53,0,20.0,33.0,53.0,40.595551,141.575211,14.772,3.0,6.0,-0.281006,-0.112549,0.084473,-130.981445,-12.878418,-12.084961,-571.0,64.0,546.0,57.0,0.0,1019.099976,19.27,0.06045,-48.563061,3.705469,0.0,1.0,1.0,11.0,0.0,0.0,0.0,5.0,0.0,9.303872806871153,33.49394210473615,9.303872806871153,33.49394210473615,1828.0023627634605,0.21996383926436636,0.21996383926436636,0.21996383926436636,0.24738958454443843
LBP05_S11,LBP05,11,179,113,180,54175,1715805234.0,2024-05-15 20:33:54+00:00,2024-05-16 05:33:54+09:00,2024,5,15,20,33,54,0,20.0,33.0,54.0,40.595459,141.575195,14.764,3.0,6.0,-0.311523,-0.366943,1.6521,30.517578,-78.125,1.159668,-572.0,63.0,544.0,40.0,0.0,1018.799988,19.280001,0.057477,-46.078239,3.705469,0.0,1.0,1.0,11.0,0.0,0.0,0.0,6.0,0.0,10.30562312906519,37.100243264634685,10.30562312906519,37.100243264634685,1838.3079858925257,1.0017503221940363,1.0017503221940363,1.0017503221940363,0.3782805049494727
LBP05_S11,LBP05,11,180,114,181,54200,1715805235.0,2024-05-15 20:33:55+00:00,2024-05-16 05:33:55+09:00,2024,5,15,20,33,55,0,20.0,33.0,55.0,40.595371,141.57518,14.599,3.0,6.0,0.310303,-0.124512,0.619629,-6.225586,-53.527832,12.939453,-570.0,61.0,548.0,53.0,0.0,1018.400024,19.280001,0.053513,-42.764385,3.705469,0.0,1.0,1.0,11.0,0.0,0.0,0.0,5.0,0.0,9.85420005927646,35.47512021339526,9.85420005927646,35.47512021339526,1848.1621859518023,-0.4514230697887296,0.4514230697887296,0.4514230697887296,0.19245149100258038
LBP05_S11,LBP05,11,181,115,182,54225,1715805236.0,2024-05-15 20:33:56+00:00,2024-05-16 05:33:56+09:00,2024,5,15,20,33,56,0,20.0,33.0,56.0,40.595284,141.57518,14.122,3.0,6.0,-0.071045,-0.103271,1.043213,6.286621,66.223145,0.0,-569.0,64.0,548.0,39.0,0.0,1018.599976,19.290001,0.055495,-44.421192,3.705469,0.0,1.0,1.0,11.0,0.0,0.0,0.0,5.0,0.0,9.661010201780556,34.779636726410004,9.661010201780556,34.779636726410004,1857.8231961535828,-0.1931898574959039,0.1931898574959039,0.1931898574959039,9.673355444613275
LBP05_S11,LBP05,11,182,116,183,54250,1715805237.0,2024-05-15 20:33:57+00:00,2024-05-16 05:33:57+09:00,2024,5,15,20,33,57,0,20.0,33.0,57.0,40.5952,141.575165,13.343,3.0,6.0,-0.112793,-0.115479,1.469482,21.789551,83.007812,8.056641,-569.0,65.0,545.0,58.0,0.0,1019.299988,19.299999,0.062432,-50.219452,3.705469,0.0,1.0,1.0,11.0,0.0,0.0,0.0,5.0,0.0,9.413892495746866,33.89001298468872,9.413892495746866,33.89001298468872,1867.2370886493297,-0.24711770603368954,0.24711770603368954,0.24711770603368954,10.124671649023584
LBP05_S11,LBP05,11,183,117,184,54275,1715805238.0,2024-05-15 20:33:58+00:00,2024-05-16 05:33:58+09:00,2024,5,15,20,33,58,0,20.0,33.0,58.0,40.595112,141.57515,13.433,3.0,7.0,-0.114258,-0.422607,0.261475,-44.128418,-54.260254,3.723145,-572.0,61.0,546.0,55.0,0.0,1018.900024,19.299999,0.058468,-46.906914,3.705469,0.0,1.0,1.0,11.0,0.0,0.0,0.0,5.0,0.0,9.854200252165557,35.475120907796004,9.854200252165557,35.475120907796004,1877.0912889014953,0.44030775641869013,0.44030775641869013,0.44030775641869013,0.4513162223924301
LBP05_S11,LBP05,11,184,118,185,54300,1715805239.0,2024-05-15 20:33:59+00:00,2024-05-16 05:33:59+09:00,2024,5,15,20,33,59,0,20.0,33.0,59.0,40.595024,141.57515,13.439,3.0,7.0,-0.581543,-0.551514,1.674805,3.845215,-102.111816,-1.464844,-573.0,58.0,545.0,38.0,0.0,1019.299988,19.309999,0.062432,-50.219452,3.705469,0.0,1.0,1.0,11.0,0.0,0.0,0.0,5.0,0.0,9.772055856044478,35.17940108176012,9.772055856044478,35.17940108176012,1886.8633447575398,-0.0821443961210786,0.0821443961210786,0.0821443961210786,9.673355426630668
